timestamp,address,name,map,preset,players,soft_max_players,run_level,round_id,round_start_time,tags,inferredTags
2025-05-20T11:45:47.468699,ss14://206.83.151.19:1212/,[EN][LRP] Owl Cafe Station,Saltern,DeathMatch,0,64,1,139,2025-05-20T08:37:19.4885822Z,"lang:en,region:am_n_c,rp:low",
2025-05-20T11:45:47.468699,ss14://88.97.251.110:21009/,[EN][MRP] Trieste Port ğŸŒŠğŸŒŠ,Trieste,Secret,0,80,1,895,2025-05-20T08:31:39.4929063Z,,"lang:en,rp:med"
2025-05-20T11:45:47.468699,ss14s://rmc.arson.gg,[EN][SANDBOX] arson.gg | rmc,Savannah,Sandbox,0,20,1,84,2025-05-20T05:55:56.7773729Z,"sandbox,noevents,indev",lang:en
2025-05-20T11:45:47.468699,ss14://109.230.215.13:1212/,[EN] Neix Free Role Server ??,,Secret,0,30,0,51,,#free,lang:en
2025-05-20T11:45:47.468699,ss14://civ13.com:1212,[EN] ğŸ° ğ•®ğ–ğ–›ğ–ğ–‘ğ–ğ–Ÿğ–†ğ–™ğ–ğ–”ğ–“ 14 âš”ï¸ğŸ›¡ï¸ (TDM),Camp (WW2),Team Deathmatch,3,256,1,135,2025-05-20T11:40:30.1433841Z,"region:eu_w,rp:med",lang:en
2025-05-20T11:45:47.468699,ss14://152.53.240.55:1212/,[EN][HRP][18+] Foxtrot Station,Pebble,Irregular Extended,0,64,1,121,2025-05-20T07:06:13.5202967Z,,"lang:en,18+,rp:high"
2025-05-20T11:45:47.468699,ss14://195.18.27.250:11219/,[MRP] Saiga13 ğŸ·,,Ğ¡ĞµĞºÑ€ĞµÑ‚,0,80,0,76,,"lang:ru,rp:med",
2025-05-20T11:45:47.468699,ss14s://stalkers14.xyz/server/stalker,â˜¢ï¸[New season started!] S.T.A.L.K.E.R. â˜£ï¸,StalkerMap,Ğ¡Ñ‚Ğ°Ğ»ĞºĞµÑ€,4,110,1,833,2025-05-20T11:40:05.7302572Z,"lang:ru,rp:high,region:eu_e,18+",
2025-05-20T11:45:47.468699,ss14s://opendream1.noodle.spacestation14.com/goon,OpenDream Goonstation Test Server,,,0,,,,,"lang:en,rp:none,opendream",
2025-05-20T11:45:47.468699,ss14://208.94.246.172:27090/,ğŸ’€gravestationğŸ’€| king kong in da trunk,,Secret,0,60,0,393,,"lang:en,rp:low,region:an_n_c,no_tag_infer",
2025-05-20T11:45:47.468699,ss14://51.77.65.4:25501/,! ĞŸĞ ĞĞšĞ›Ğ¯Ğ¢Ğ˜Ğ• 220 | MRP,Cute,Ğ¡ĞµĞºÑ€ĞµÑ‚,0,30,0,211,,"lang:ru,rp:med,region:eu_w,region:eu_e,region:as_n",
2025-05-20T11:45:47.468699,ss14s://ss14.smokeofanarchy.ru/sandbox,[RU][NRP]SMoke of Anarchy[Sandbox],Reach,Sandbox,8,64,1,2923,2025-05-20T11:26:01.8494807Z,"region:as_n,rp:none,lang:ru",
2025-05-20T11:45:47.468699,ss14://67.220.85.39:1224/,[EN] ğŸŒŸStarlightğŸŒŸ Mapping,Saltern,Greenshift,0,256,1,604,2025-05-20T10:47:53.6146281Z,"region:am_n_e,region:am_n_c,region:am_n_w,region:am_c,region:eu_w,lang:en,rp:med",
2025-05-20T11:45:47.468699,ss14://92.124.130.159:1216/,â„ï¸[RP][RU][18+] Siberia Frontier â„ï¸,Frontier Outpost,New Frontier Adventure Mode,0,60,1,1612,2025-05-16T12:59:05.9923252Z,,"lang:ru,18+"
2025-05-20T11:45:47.468699,ss14s://opendream1.noodle.spacestation14.com/server,OpenDream Paradise Test Server,,,0,,,,,"lang:en,rp:none,opendream",
2025-05-20T11:45:47.468699,ss14://twostations.ru,[RU][MRP]ğŸ›° Ğ”Ğ²Ğµ Ğ¡Ñ‚Ğ°Ğ½Ñ†Ğ¸Ğ¸ | Ğ’Ğ°Ñˆ Ğ»ÑƒÑ‡ÑˆĞ¸Ğ¹ ÑĞºÑĞ¿Ğ¸Ñ€Ğ¸ĞµĞ½Ñ Ğ² Ñ€Ğ¿!,Delta Station,Ğ¡ĞµĞºÑ€ĞµÑ‚,0,70,1,53,2025-05-15T16:13:30.0341006Z,"lang:ru,region:eu_e,rp:med",
2025-05-20T11:45:47.468699,ss14s://server.ss14.org/ussp/,ğŸš€â˜­ USSP STATION: Ğ›Ğ•ĞĞ˜ĞĞ“Ğ ĞĞ” [TTS][Ğ¡Ğ¡Ğ¡ĞŸ] ğŸŒŒ,,Ğ¡ĞµĞºÑ€ĞµÑ‚,0,130,0,23,,"lang:ru,rp:low,rp:med,rp:high,region:eu_e,tts,sunrise",
2025-05-20T11:45:47.468699,ss14://ss14.sich.me:3535,[UA]ğŸŸ¦ğŸŸ¦ğŸŸ¨ğŸŸ¨ ĞšĞĞ¡ĞœĞĞ”Ğ•Ğ¡ĞĞĞ¢ Ğ¡iĞ§ [Ğ±ĞµĞ· Ğ¾ĞºÑƒĞ¿Ğ°Ğ½Ñ‚Ñ–Ğ²] - https://sich.me,Ğ¡Ğ°Ğ²Ğ°Ğ½Ğ½Ğ°,Ğ¡Ğ¸Ğ³Ğ½Ğ°Ğ» Ğ›Ğ¸Ñ…Ğ°,1,100,0,17381,,"lang:uk,region:eu_e,rp:med",
2025-05-20T11:45:47.468699,ss14://mineira.rbertoche.tec.br:1215,[PT] EstaÃ§Ã£o Mineira / Dungeon Dig - Pirata,,,0,30,1,,2025-05-05T16:00:26.0616595Z,"lang:pt,rp:med,region:am_s_e",
2025-05-20T11:45:47.468699,ss14s://alpha.goobstation.com,Goob Alpha á´‡á´œ-á´¡ | Donâ€™t let a bad round ruin your day.,Atlas,Extended,6,85,2,16948,2025-05-20T11:15:32.3157434Z,"lang:en,rp:low,region:eu_w",
2025-05-20T11:45:47.468699,ss14://ss14.sich.me:3434,[UA][MRP]ğŸŸ¦ğŸŸ¦ğŸŸ¨ğŸŸ¨ Ğ¡iĞ§ Ğ£ĞšĞ ĞĞ‡ĞĞ¡Ğ¬ĞšĞĞ® | ğŸ—ºï¸ Omega | ğŸ² Greenshift | Ñ€Ğ°ÑƒĞ½Ğ´ â„–17376,Omega,Greenshift,0,100,1,17376,2025-05-20T01:18:51.9818874Z,"lang:uk,region:eu_e,rp:med",
2025-05-20T11:45:47.468699,ss14s://server.opendre.am/tg,OpenDream /tg/station Test Server,,,0,,,,,"lang:en,rp:none,opendream",
2025-05-20T11:45:47.468699,ss14://hypatia.frontierstation14.com:1212,[EN][MRP] Frontier | Hypatia [US 1],Frontier Outpost,Pirates,34,100,1,3783,2025-05-20T03:20:45.5964064Z,"lang:en,rp:med,region:am_n_e",
2025-05-20T11:45:47.468699,ss14s://sigma.goobstation.com,Goob Sigma á´‡á´œ-á´¡ | 100% FREE LAG,Oasis,The Guide,71,85,1,16947,2025-05-20T10:33:05.9638043Z,"lang:en,rp:low,region:eu_w",
2025-05-20T11:45:47.468699,ss14://85.192.49.3:1212/,ğŸ‰ĞœĞ˜ĞĞ˜-Ğ¡Ğ¢ĞĞĞ˜Ğ¯[ĞœĞ ĞŸ][Ğ Ğ£][Ğ¢Ğ¢Ğ¡],NTVG ĞŸĞ°ĞºĞµÑ‚,Ğ Ğ°ÑÑˆĞ¸Ñ€ĞµĞ½Ğ½Ñ‹Ğ¹,17,100,1,1053,2025-05-20T11:02:41.8359016Z,"region:eu_w,lang:ru",
2025-05-20T11:45:47.468699,ss14://62.148.140.57:1212/,ğŸª FLX-PROJECT â€” Cosmi Station ğŸ’« [18+],Meta Station,Ğ Ğ°ÑÑˆĞ¸Ñ€ĞµĞ½Ğ½Ñ‹Ğ¹,2,50,1,146,2025-05-20T11:10:17.2403441Z,"rp:med,lang:ru,18+",
2025-05-20T11:45:47.468699,ss14://play.funkystation.org:1214,[EN][MRP] Funky Station - Marisa (Open on Weekends),,Secret,0,150,0,6017,,"lang:en,region:am_n_e,rp:low",
2025-05-20T11:45:47.468699,ss14://ff.deadspace14.net:1214,ğŸ‘½ ĞœĞĞ Ğ¢Ğ’Ğ«Ğ™ ĞšĞĞ¡ĞœĞĞ¡ ğŸŒ  Ğ¤Ñ€Ğ¾Ğ½Ñ‚Ğ¸Ñ€ [Ğ‘Ğ•Ğ¢Ğ][TTS],Ğ¤Ñ€Ğ¾Ğ½Ñ‚Ğ¸Ñ€,ĞŸÑ€Ğ¸ĞºĞ»ÑÑ‡ĞµĞ½Ğ¸Ğµ Ğ½Ğ° Ğ½Ğ¾Ğ²Ğ¾Ğ¼ Ğ¤Ñ€Ğ¾Ğ½Ñ‚Ğ¸Ñ€Ğµ,51,100,1,33237,2025-05-20T04:32:26.4683797Z,"lang:ru,rp:high,rp:med,region:eu_e,tts",
2025-05-20T11:45:47.468699,ss14://178.156.140.40:1212/,â˜¢ï¸S.T.A.L.K.E.R. [EN Test] â˜£ï¸,StalkerMap,Stalker,0,80,1,30,2025-05-20T01:03:26.8356624Z,"lang:en,rp:med,region:am_n_e",
2025-05-20T11:45:47.468699,ss14://185.186.25.183:1213,[LRP-] [EN] Klovnstation 14,Saltern,Secret,0,80,1,189,2025-05-20T09:48:14.3751602Z,"lang:en,region:eu_e,rp:none",
2025-05-20T11:45:47.468699,ss14s://lizard.spacestation14.io/salamander,[EN][MRP] Wizard's Den Salamander [US West],Omega,Secret,26,80,1,84354,2025-05-20T10:18:24.7142460Z,"lang:en,region:am_n_w,rp:med",
2025-05-20T11:45:47.468699,ss14s://game1.station14.ru/marines-main/server,ğŸ›°ï¸ Corvax â€” Colonial Marines ğŸŒ,David,Ğ¡Ğ¸Ğ³Ğ½Ğ°Ğ» Ğ±ĞµĞ´ÑÑ‚Ğ²Ğ¸Ñ,19,100,1,16437,2025-05-20T10:56:42.3195069Z,"lang:ru,rp:med,region:eu_e",
2025-05-20T11:45:47.468699,ss14s://game1.station14.ru/nebula/server,ğŸ›°ï¸ Corvax â€” ĞĞµĞ±ÑƒĞ»Ğ° âœ¨[Ğ”Ğ›Ğ¯ ĞĞĞ’Ğ˜Ğ§ĞšĞĞ’],Omega,Ğ¡ĞµĞºÑ€ĞµÑ‚,1,50,1,83404,2025-05-20T10:40:11.2671959Z,"lang:ru,rp:low,rp:med,region:eu_e",
2025-05-20T11:45:47.468699,ss14://37.27.103.62:1212,[18+][RU][MRP+] ğŸŒŒ VoidSector - ĞŸĞ¾ÑÑ€ĞµĞ´Ğ¸ ĞŸÑƒÑÑ‚Ğ¾Ñ‚Ñ‹! ğŸŒŒ,Omega,Ğ Ğ°ÑÑˆĞ¸Ñ€ĞµĞ½Ğ½Ñ‹Ğ¹,2,100,1,2814,2025-05-20T11:22:36.4882489Z,"lang:ru,region:eu_e,rp:med,18+",
2025-05-20T11:45:47.468699,ss14s://spacestories.club/flux,ğŸ“š Space Stories - Marine Corps Flux ğŸŒ‘ [TTS],ĞĞ»Ğ¼Ğ°Ğ¹ĞµÑ€,Ğ¡Ğ¸Ğ³Ğ½Ğ°Ğ» Ğ±ĞµĞ´ÑÑ‚Ğ²Ğ¸Ñ,10,100,1,12818,2025-05-20T11:14:09.9379176Z,"lang:ru,rp:med,region:eu_e",
2025-05-20T11:45:47.468699,ss14://spacedream.qeqk.ru,ğŸŒ•Space Dream [MRP-HRP][18+][RU]ğŸŒ‘,Packed,Ğ Ğ°ÑÑˆĞ¸Ñ€ĞµĞ½Ğ½Ñ‹Ğ¹,25,100,1,586,2025-05-20T08:39:49.5610394Z,[MRP][18+][RU][as_n],"lang:ru,18+"
2025-05-20T11:45:47.468699,ss14://ss14-starlight-alfa.online,[EN][MRP-]ğŸŒŸStarlightğŸŒŸ - Alfa [TTS],Lobster Station,Secret,64,500,1,6345,2025-05-20T10:17:18.0490406Z,"region:am_n_e,region:am_n_c,lang:en,rp:med",
2025-05-20T11:45:47.468699,ss14s://regalis.goobstation.com,ê§áƒ¦âŠ±â™¥ ğ’¢ğ‘œğ‘œğ’· ğ“¡ğ“®ğ“°ğ“ªğ“µğ“²ğ“¼ ğ‘€ğ‘…ğ’« â™¥âŠ±áƒ¦ê§‚ É´á´€-á´¡,ShÅkÅ,Secret,20,85,1,2915,2025-05-20T10:11:09.3086221Z,"lang:en,rp:med,region:am_n_w",
2025-05-20T11:45:47.468699,ss14://game.floofstation.com,[EN][MRP][18+] Floof Station - Nova,Hammurabi,Secret,34,120,1,2975,2025-05-20T07:05:58.0702198Z,"18+,lang:en,region:am_n_w,rp:med",
2025-05-20T11:45:47.468699,ss14://67.220.85.39:1248/,[EN][MRP+]ğŸŒŸStarlightğŸŒŸ - Beta [TTS],Packed,Traitor,7,65,1,6347,2025-05-20T11:35:59.8484508Z,"region:am_n_e,region:am_n_c,lang:en,rp:med",
2025-05-20T11:45:47.468699,ss14://station-enterprise.space:1212,[RU][MRP]â­ï¸Enterprise - Main,Marathon Station,Ğ Ğ°ÑÑˆĞ¸Ñ€ĞµĞ½Ğ½Ñ‹Ğ¹,0,50,1,838,2025-05-19T19:26:27.5435765Z,"lang:ru,rp:med,region:eu_e",
2025-05-20T11:45:47.468699,ss14://140.238.186.133:1212/,[BR][PT] Nuclear 14 - Pirata,Sunnyvale,Extended,0,30,1,382,2025-05-14T18:05:04.1820707Z,"rp:med,lang:pt,region:am_s_e",
2025-05-20T11:45:47.468699,ss14://51.222.104.120:1213/,Space Station 14 Server,Elkridge Depot,Secret,0,30,1,32,2025-05-19T17:31:33.1745424Z,,
2025-05-20T11:45:47.468699,ss14s://game1.station14.ru/wl/server,ğŸ›°ï¸ Corvax â€” Ğ’Ğ°Ğ¹Ñ‚Ğ»Ğ¸ÑÑ‚ â˜•[TTS],Tushkan,Ğ¡ĞµĞºÑ€ĞµÑ‚,0,70,1,5940,2025-05-20T09:04:27.0950965Z,"lang:ru,rp:high,region:eu_e,tts",
2025-05-20T11:45:47.468699,ss14s://corvaxforge.ru/server/kaif/,Kaif Station 18+ğŸ˜ - Ğ¡Ğ¼ĞµÑˆĞ½ĞµĞµ ÑƒĞ¶Ğµ Ğ½Ğµ Ğ±ÑƒĞ´ĞµÑ‚ğŸ˜ [NO-TTS],Reach,Ğ¡ĞµĞºÑ€ĞµÑ‚,0,35,1,650,2025-05-19T17:00:31.5573356Z,"lang:ru,rp:high,region:eu_e,18+",
2025-05-20T11:45:47.468699,ss14://93.127.158.89:1212/,[FR] Nova Base,Reach,Secret,0,30,1,136,2025-05-19T23:41:35.9121725Z,"lang:fr,rp:low,region:eu_w",
2025-05-20T11:45:47.468699,ss14://node11.hexacluster.me:27000,[EN][LRP+] Ronstation,,Secret,13,64,1,6749,2025-05-20T11:13:51.8085175Z,,lang:en
2025-05-20T11:45:47.468699,ss14s://main.luaworld.ru,ğŸŒŒ[RU] LuaWorld Frontier 18+,Ğ¡ĞµĞºÑ‚Ğ¾Ñ€ Ğ¤Ñ€Ğ¾Ğ½Ñ‚Ğ¸Ñ€,Pirates,26,60,1,167,2025-05-18T21:05:21.2594363Z,"lang:ru,rp:high,rp:med,region:eu_e,tts,18+",
2025-05-20T11:45:47.468699,ss14s://corvaxforge.ru/server/fallout/,ğŸŒ€ Corvax â€” FALLOUT ğŸŒ€,Snowyvale,Ğ Ğ°ÑÑˆĞ¸Ñ€ĞµĞ½Ğ½Ñ‹Ğ¹,30,120,1,2707,2025-05-20T10:05:36.1640296Z,"lang:ru,rp:med,region:eu_e",
2025-05-20T11:45:47.468699,ss14://ms14game.notafet.net:1213,Mining Station 14,,,0,15,1,,2025-05-19T00:47:53.5520522Z,"lang:en,rp:med,region:am_n_w",
2025-05-20T11:45:47.468699,ss14://159.69.189.132:1212/,[DE][LRP] RAUMSTATION VIERZEHN [EU West],Reach,Secret,0,69,2,27,2025-05-18T12:40:34.2663950Z,"lang:en,rp:low,beginnerfriendly,region:eu_w",
2025-05-20T11:45:47.468699,ss14s://aurum.goobstation.com,ê§áƒ¦âŠ±â™¥ ğ’¢ğ‘œğ‘œğ’· ğ“ğ“¾ğ“»ğ“¾ğ“¶ ğ‘€ğ‘…ğ’« â™¥âŠ±áƒ¦ê§‚ á´‡á´œ-á´¡,ShÅkÅ,Survival,0,85,1,2916,2025-05-20T10:40:15.0991512Z,"lang:en,rp:med,region:eu_w",
2025-05-20T11:45:47.468699,ss14s://game1.station14.ru/solaris/server,ğŸ›°ï¸ Corvax â€” Ğ¡Ğ¾Ğ»ÑÑ€Ğ¸Ñ ğŸŒ•âš¡[TTS][NEXT],NTRK ĞĞ¼ĞµĞ³Ğ°,Ğ¡ĞµĞºÑ€ĞµÑ‚,2,115,1,83419,2025-05-20T11:12:26.6454347Z,"lang:ru,rp:med,region:eu_e,tts",
2025-05-20T11:45:47.468699,ss14s://apoapsis.deltav.gay,[EN][MRP] Delta-v (Î¨) | Apoapsis [US East 1],Glacier,Secret,32,80,1,21870,2025-05-20T11:43:10.7911358Z,"lang:en-US,region:am_n_e,rp:med,no_tag_infer",
2025-05-20T11:45:47.468699,ss14s://server.ss14.org/paradise,ğŸï¸ PROJECT PARADISE ğŸ”¥[MRP+][TTS][18+],Packed,Ğ¡ĞµĞºÑ€ĞµÑ‚,7,80,1,397,2025-05-20T11:29:57.2741725Z,"lang:ru,rp:low,rp:med,rp:high,region:eu_e,tts,erp",18+
2025-05-20T11:45:47.468699,ss14://rss14.ru:1212,[RU][LRP]ğŸŒ  Radium - Ğ“ĞµĞ½Ğ¾ĞºÑ€Ğ°Ğ´Ñ‹! | Ğ¡Ğ²Ğ¾Ğ¹ ĞºĞ¾Ğ½Ñ‚ĞµĞ½Ñ‚! | Ğ˜Ğ´Ñ‘Ñ‚ Ñ€Ğ°ÑƒĞ½Ğ´ Ğ½Ğ° Omega!,Omega,Ğ“Ñ€Ğ¸Ğ½ÑˆĞ¸Ñ„Ñ‚,0,64,1,3930,2025-05-20T08:34:08.1431084Z,region:eu_e,"lang:ru,rp:low"
2025-05-20T11:45:47.468699,ss14://ms14game.notafet.net:1216,[RU] Ğ¨Ğ°Ñ…Ñ‚Ñ‘Ñ€ÑĞºĞ°Ñ Ğ¡Ñ‚Ğ°Ğ½Ñ†Ğ¸Ñ 14,,,0,15,1,,2025-05-19T16:30:37.9322135Z,"lang:ru,rp:med,region:am_n_w",
2025-05-20T11:45:47.468699,ss14://94.243.231.112:1212/,[RU][18+] ğŸ‘»Freaky Station14ğŸ‘»[IN DEV],Reach,Ğ¡ĞµĞºÑ€ĞµÑ‚,3,30,1,171,2025-05-20T11:39:47.4391212Z,"lang:ru,18+",
2025-05-20T11:45:47.468699,ss14s://arles.station14.ru/wega-main/server,ğŸŒŸ Corvax â€” Ğ’ĞµĞ³Ğ° ğŸŒŸ[TTS][18+],Kerberos Station,Ğ¡ĞµĞºÑ€ĞµÑ‚,62,100,1,2062,2025-05-20T11:26:40.7793326Z,"lang:ru,rp:low,rp:med,region:eu_e,tts,18+",
2025-05-20T11:45:47.468699,ss14s://ludere.ss14.su/amour,ğŸ‘  Parsec â€” Amour [18+] [TTS],WhiteMoose Station,Ğ Ğ°ÑÑˆĞ¸Ñ€ĞµĞ½Ğ½Ñ‹Ğ¹,17,70,1,8811,2025-05-20T10:40:15.2930730Z,"lang:ru,region:eu_e,rp:low,rp:med,rp:high",18+
2025-05-20T11:45:47.468699,ss14://88.211.249.76:1212/,Hosted by Pingperfect.com,,Secret,0,30,0,7,,,
2025-05-20T11:45:47.468699,ss14://31.14.17.169:1212/,[UA][MRP]ğŸ’™ğŸ’› ĞŸÑ–Ñ€Ğ°Ñ‚Ğ¸ Ğ· Ğ¢Ñ€Ğ¾Ñ”Ñ‰Ğ¸Ğ½Ğ¸ ğŸ’™ğŸ’› | ğŸ—ºï¸ĞšĞ»Ğ°ÑÑ‚ĞµÑ€ ğŸ® ĞŸÑ–ÑĞ¾Ñ‡Ğ½Ğ¸Ñ†Ñ â³ 57Ñ…Ğ² 24ÑĞµĞº | 5191,ĞšĞ»Ğ°ÑÑ‚ĞµÑ€,ĞŸÑ–ÑĞ¾Ñ‡Ğ½Ğ¸Ñ†Ñ,2,50,1,5191,2025-05-20T10:47:37.8670204Z,"region:eu_e,lang:uk,rp:med",
2025-05-20T11:45:47.468699,ss14s://frontier.arson.gg,[EN][SANDBOX] arson.gg | frontier,Frontier Outpost,Sandbox,0,20,0,151,,"sandbox,noevents,indev",lang:en
2025-05-20T11:45:47.468699,ss14s://server.scyllastation.com,Scylla Stationâ‚â‚ˆâ‚Š,Reach,Extended,0,85,1,26,2025-05-16T22:57:58.1546506Z,"lang:en,rp:med,region:eu_w,18+",
2025-05-20T11:45:47.468699,ss14://94.130.218.183:1212,[EN] Trouble in Goobtown (SSS),Reach,Suspicion,0,30,1,9030,2025-05-20T03:37:47.6609236Z,"lang:en,rp:low,rp:none,region:eu_w",
2025-05-20T11:45:47.468699,ss14://67.220.85.39:1260/,[EN] [MRP] Trieste Port 14,,Secret,0,30,0,7,,"region:am_n_e,region:am_n_c,lang:en,rp:med",
2025-05-20T11:45:47.468699,ss14://85.192.48.255:1213/,[WL][Frontier] ğŸŠ pacable station ğŸŠ,ĞĞ²Ğ°Ğ½Ğ¿Ğ¾ÑÑ‚ Ğ¤Ñ€Ğ¾Ğ½Ñ‚Ğ¸Ñ€Ğ°,Pirates,5,50,1,94,2025-05-18T20:22:14.4005560Z,,
2025-05-20T11:45:47.468699,ss14s://avalon.pikachu.systems/pong,[NoLang][NRP] Robust Pong (Avali) Wait how long can a hostname be? Is there a limit? So i just tested there is no limit so im gonna keep writing random stuff just cause I feel a little silly today. Xenia is a really cool fox IMO [The Moon]           Oh hey you got to see this part of the name you probably have an over 1080p monitor. You are quite rich... or you just /status my address which is cool as well. Did you know i have two main sonas right now? One being a pikachu and the other an avali? I have started using my avali a bit more as of recently but my pikachu is still pretty cute. Also originally i was gonna name this Wizard's Den Skug for the meme since pjb told me that it wont happen but when i found out theres no limit to the hostname i just had to do this. You got quite the long monitor godamn... no at this point you definetly used the /status http api on the server. Ok update the limit is 1024 ha.... Follow me on mastadon tech.lgbt/@VasilisTheChu and maybe shoot me a dm that you found it from here.,,,0,,,,,"lang:en,lang:ru,rp:none,region:luna,amongus",
2025-05-20T11:45:47.468699,ss14://185.97.255.17:1294,ğŸ‘½ ĞœĞĞ Ğ¢Ğ’Ğ«Ğ™ ĞšĞĞ¡ĞœĞĞ¡ ğŸ’– Ğ­Ñ€Ğ¸Ğ´Ğ° [TTS][+18],Federation Box,Ğ“Ñ€Ğ¸Ğ½ÑˆĞ¸Ñ„Ñ‚,29,100,1,176,2025-05-20T10:01:24.3444299Z,"lang:ru,rp:med,region:eu_e,tts,18+",
2025-05-20T11:45:47.468699,ss14://74.91.123.38:1212/,[EN] ERT: Distress Call [US East],,Secret,1,81,1,70,2025-05-17T00:22:37.0959743Z,"lang:en,region:am_n_e,rp:low",
2025-05-20T11:45:47.468699,ss14://104.243.34.95:1212,[EN][MRP] Rouny's Marine Corps Alamo [US East],Almayer,Distress Signal,92,350,1,5154,2025-05-20T11:07:27.3855930Z,"lang:en,region:am_n_e,rp:med",
2025-05-20T11:45:47.468699,ss14://arcadis.node-oheir.simplestation.org:26310,{Â§} Arcadis Station,Saltern,Extended,0,48,1,402,2025-05-11T22:17:54.6676755Z,,
2025-05-20T11:45:47.468699,ss14://play.funkystation.org,[EN][MRP] Funky Station - Cirno,Omega,Secret,13,80,1,6030,2025-05-20T10:09:13.6423937Z,"lang:en,region:am_n_e",rp:med
2025-05-20T11:45:47.468699,ss14://138.124.114.65:1212/,[RU] Corvax - Force,,Ğ¡ĞµĞºÑ€ĞµÑ‚,0,80,0,344,,,lang:ru
2025-05-20T11:45:47.468699,ss14://193.164.16.220:1216,[RU] ğŸ¦… Imperial Space | Whitelist | Ğ¡Ğ¾Ğ·Ğ²ĞµĞ·Ğ´Ğ¸Ğµ ĞĞºĞ¸Ğ»Ğ°,Cluster,Ğ’Ñ‹Ğ¶Ğ¸Ğ²Ğ°Ğ½Ğ¸Ğµ,9,40,1,57645,2025-05-20T08:58:01.2282214Z,,lang:ru
2025-05-20T11:45:47.468699,ss14://121.127.37.49:1212,[RU][MRP]â­ï¸Enterprise - Main [ĞŸĞ•Ğ Ğ•Ğ•Ğ¥ĞĞ›Ğ˜ ĞĞ ĞĞĞ’Ğ«Ğ™ Ğ¥ĞĞ¡Ğ¢Ğ˜ĞĞ“|ss14://station-enterprise.space:1212],Cluster,ĞŸĞµÑĞ¾Ñ‡Ğ½Ğ¸Ñ†Ğ°,0,5,1,774,2025-05-18T03:30:50.3931845Z,"lang:ru,rp:med,region:eu_e",
2025-05-20T11:45:47.468699,ss14s://ludere.ss14.su/totalwar,âœŠ Total War [TTS],,ĞŸÑ€Ğ¾Ğ´Ğ»Ñ‘Ğ½Ğ½Ñ‹Ğ¹,0,70,0,175,,"lang:ru,region:eu_e,rp:low,rp:med,rp:high",
2025-05-20T11:45:47.468699,ss14s://leviathan.spacestation14.com/vulture,[EN][Testing] Wizard's Den Vulture [US East 2],Elkridge Depot,Secret,33,80,1,84355,2025-05-20T10:29:37.3088292Z,"lang:en,region:am_n_e,rp:low",
2025-05-20T11:45:47.468699,ss14s://remisk.remstations.com,[EN][LRP]Rem Station [US East 1],Reach,Secret,0,80,1,73,2025-05-20T11:33:15.2377057Z,"region:ata,region:grl,region:am_n_e,region:luna,rp:low,lang:en",
2025-05-20T11:45:47.468699,ss14s://stalkers14.xyz/server/victoria,[MRP][RU]âšœï¸Victoria - Ğ¾Ğ¿Ğ»Ğ¾Ñ‚ Ğ¸ÑÑ‚Ğ¾Ñ€Ğ¸Ğ¸ Ğ²ÑĞµĞ»ĞµĞ½Ğ½Ğ¾Ğ¹,Silly Island,Ğ¡ĞµĞºÑ€ĞµÑ‚,0,100,1,290,2025-05-19T19:10:01.6986122Z,"lang:ru,rp:med,region:eu_e",
2025-05-20T11:45:47.468699,ss14://108.18.250.225:1212/,[EN]Bald Station [LRP] [US East],Pebble,Hellshift,2,64,1,299,2025-05-20T00:51:03.9017409Z,"lang:en,region:am_n_e,rp:low",
2025-05-20T11:45:47.468699,ss14://game.ac.blue-creature.com:1212,[18+][RU][MRP][ERP] ğŸª AlphaCentauri | ĞĞ»ÑŒÑ„Ğ°Ğ¦ĞµĞ½Ñ‚Ğ°Ğ²Ñ€Ğ°,,Ğ¡ĞµĞºÑ€ĞµÑ‚,0,70,0,2272,,"18+,lang:ru,rp:med",
2025-05-20T11:45:47.468699,ss14s://station.legacyofparadise.space/frontier/,ğŸš€ Legacy of Paradise - Frontier ğŸ§ [18+][TTS],ĞĞ²Ğ°Ğ½Ğ¿Ğ¾ÑÑ‚,ĞŸĞ¸Ñ€Ğ°Ñ‚Ñ‹,11,111,1,123,2025-05-20T02:12:31.9664881Z,"18+,lang:ru,region:eu_e,rp:med",
2025-05-20T11:45:47.468699,ss14://f1.deadspace14.net:1212,ğŸ‘½ ĞœĞĞ Ğ¢Ğ’Ğ«Ğ™ ĞšĞĞ¡ĞœĞĞ¡ ğŸš€ Ğ¤Ğ¾Ğ±Ğ¾Ñ [TTS],Spectrum Station,ĞŸÑ€ĞµĞ´Ğ°Ñ‚ĞµĞ»Ğ¸,114,120,1,33247,2025-05-20T10:41:51.9697794Z,"lang:ru,rp:med,region:eu_e,tts",
2025-05-20T11:45:47.468699,ss14://fronteira.rbertoche.tec.br:1213,[BR][PT][MRP] Fronteira - Pirata,Frontier Outpost,New Frontier Adventure Mode,0,60,1,802,2025-05-20T04:36:34.8276263Z,"rp:med,lang:pt,region:am_s_e",
2025-05-20T11:45:47.468699,ss14://f2.deadspace14.net:1213,ğŸ‘½ ĞœĞĞ Ğ¢Ğ’Ğ«Ğ™ ĞšĞĞ¡ĞœĞĞ¡ ğŸš€ Ğ¢Ğ¸Ñ‚Ğ°Ğ½ [TTS],Plasma Station,Ğ Ğ°ÑÑˆĞ¸Ñ€ĞµĞ½Ğ½Ñ‹Ğ¹,57,90,1,33249,2025-05-20T11:31:28.8544147Z,"lang:ru,rp:high,rp:med,region:eu_e,tts",
2025-05-20T11:45:47.468699,ss14s://periapsis.deltav.gay,[EN][MRP] Delta-v (Î¨) | Periapsis [US East 2],Chibi,Secret,0,50,1,21869,2025-05-20T10:50:28.4456936Z,"lang:en-US,region:am_n_e,rp:med,no_tag_infer",
2025-05-20T11:45:47.468699,ss14://187.120.181.58:1212/,[EN][LRP][SA East] Section One,Reach,Secret,0,45,1,84,2025-05-17T20:44:12.8956050Z,"lang:en,rp:low,region:am_s_e",
2025-05-20T11:45:47.468699,ss14s://horizon.deltav.gay,[EN][MRP] Delta-v (Î¨) | Horizon [US East 3],Chibi,Secret,1,80,1,21867,2025-05-20T09:03:03.8837712Z,"lang:en-US,region:am_n_e,rp:med,no_tag_infer",
2025-05-20T11:45:47.468699,ss14s://game1.station14.ru/athara/server,ğŸ›°ï¸ Corvax â€” ĞÑ‚Ğ°Ñ€Ğ° ğŸŒŒâš¡[TTS][NEXT],NTLPK Ğ¥Ğ»Ğ¾Ñ€Ğ¸Ñ,Ğ¡ĞµĞºÑ€ĞµÑ‚,64,75,1,83418,2025-05-20T10:58:53.8482982Z,"lang:ru,rp:med,region:eu_e,tts",
2025-05-20T11:45:47.468699,ss14s://ss14.mira-sector.xyz,Mira Sector [Surgery/Malf AI] [EU West],Atlas,Secret,0,80,1,1458,2025-05-19T20:24:36.2207397Z,"lang:en,rp:low,region:eu_w",
2025-05-20T11:45:47.468699,ss14s://corvaxforge.ru/server/frontier,ğŸŒ€ Corvax â€” Frontier ğŸŒ€,ĞĞ²Ğ°Ğ½Ğ¿Ğ¾ÑÑ‚ Ğ¤Ñ€Ğ¾Ğ½Ñ‚Ğ¸Ñ€Ğ°,Pirates,12,100,1,1457,2025-05-20T07:04:06.8182805Z,"lang:ru,rp:med,region:eu_e",
2025-05-20T11:45:47.468699,ss14://23.88.54.250:1212/,[EN][LRP] Spirit Station [EU West],Amber,Secret,0,80,1,241,2025-05-18T16:53:16.3444152Z,"lang:en,region:eu_w,rp:low",
2025-05-20T11:45:47.468699,ss14://f3.deadspace14.net:1216,ğŸ‘½ ĞœĞĞ Ğ¢Ğ’Ğ«Ğ™ ĞšĞĞ¡ĞœĞĞ¡ ğŸš€ Ğ”ĞµĞ¹Ğ¼Ğ¾Ñ [TTS],Bagel Station,Ğ’Ñ‹Ğ¶Ğ¸Ğ²Ğ°Ğ½Ğ¸Ğµ,30,90,1,33250,2025-05-20T11:37:51.1193515Z,"lang:ru,rp:med,region:eu_e,tts",
2025-05-20T11:45:47.468699,ss14://adven.space:1212,â˜€ Adventure Space - Ğ˜Ğ»Ğ¸Ğ°Ğ´Ğ°! ĞŸĞ¾Ğ¼Ğ¾Ñ‰ÑŒ Ğ½Ğ¾Ğ²Ğ¸Ñ‡ĞºĞ°Ğ¼! ĞĞ¾Ğ²Ñ‹Ğµ Ğ¼ĞµÑ…Ğ°Ğ½Ğ¸ĞºĞ¸! [TTS],Silly Island,Ğ Ğ°ÑÑˆĞ¸Ñ€ĞµĞ½Ğ½Ñ‹Ğ¹,3,100,1,8401,2025-05-20T11:28:50.8526840Z,"lang:ru,rp:lrp,region:eu_e",
2025-05-20T11:45:47.468699,ss14://83.138.55.215:1215/,[UA] ğŸ’™ğŸ’› Ğ¢Ñ€Ğ¾Ñ”Ñ‰Ğ¸Ğ½ÑÑŒĞºÑ– ĞÑ€Ñ…Ñ–Ñ‚ĞµĞºÑ‚Ğ¾Ñ€Ğ¸ ğŸ’™ğŸ’›,ĞÑ‚Ğ»Ğ°Ñ,ĞŸĞ¾Ğ´Ğ¾Ğ²Ğ¶ĞµĞ½Ğ¸Ğ¹,0,0,1,2982,2025-05-20T11:42:44.2860622Z,"region:eu_e,lang:uk,rp:low",
2025-05-20T11:45:47.468699,ss14://s3.ss220.club:1214,[RU][TTS] SS220 Sagittarius âœ…,NSS Frankenstein,Ğ¡ĞµĞºÑ€ĞµÑ‚,1,85,1,21722,2025-05-20T07:17:39.6867381Z,,lang:ru
2025-05-20T11:45:47.468699,ss14s://io.arcadiastation.org/,[18+]Arcadia Station (â™ƒ) Io,Reach,Secret,0,99,1,93,2025-05-13T12:55:47.5769866Z,"18+,lang:en-US,region:am_na_e,no_tag_infer",
2025-05-20T11:45:47.468699,ss14://arumoon.starshine.club:1212,[RU][LRP] Starshine Ğ¸Ğ¼. Aru Moon,Lighthouse,Ğ Ğ°ÑÑˆĞ¸Ñ€ĞµĞ½Ğ½Ñ‹Ğ¹,3,40,1,11687,2025-05-20T10:57:53.4482427Z,"lang:ru,rp:low,region:eu_e",
2025-05-20T11:45:47.468699,ss14s://funky.arson.gg,[EN][SANDBOX] arson.gg | funkystation,Reach,Sandbox,0,20,1,237,2025-05-19T19:19:04.5828100Z,"sandbox,noevents,indev",lang:en
2025-05-20T11:45:47.468699,ss14s://vanilla.arson.gg,[EN][SANDBOX] arson.gg | vanilla,,Sandbox,0,20,0,489,,"sandbox,noevents,indev",lang:en
2025-05-20T11:45:47.468699,ss14://s1.deadspace14.net:1215,ğŸ‘½ ĞœĞĞ Ğ¢Ğ’Ğ«Ğ™ ĞšĞĞ¡ĞœĞĞ¡ ğŸš© Ğ¡Ğ¾ÑĞ·-1 [TTS],DS Silly Island,Ğ Ğ°ÑÑˆĞ¸Ñ€ĞµĞ½Ğ½Ñ‹Ğ¹,2,70,1,33246,2025-05-20T09:50:20.0621601Z,"lang:ru,rp:high,rp:med,region:eu_e,tts",
2025-05-20T11:45:47.468699,ss14s://lizard.spacestation14.io/server,[EN] Wizard's Den Lizard [US West],Marathon Station,Secret,80,80,1,84357,2025-05-20T10:51:59.7942274Z,"lang:en,region:am_n_w,rp:low",
2025-05-20T11:45:47.468699,ss14://193.164.16.220:1214,[RU] ğŸ¦… Imperial Space | Ğ¡Ğ¾Ğ·Ğ²ĞµĞ·Ğ´Ğ¸Ğµ Ğ¦ĞµÑ„ĞµĞ¹ | ĞĞ±Ğ½Ğ¾Ğ²Ğ»ĞµĞ½Ğ¸Ğµ 2.0!,Box Station,Ğ¡ĞµĞºÑ€ĞµÑ‚,24,100,1,57650,2025-05-20T11:37:30.1321776Z,,lang:ru
2025-05-20T11:45:47.468699,ss14://104.243.34.8:1213/,JhapStation,Reach,DeathMatch,0,30,1,39,2025-05-14T16:56:55.6332913Z,,
2025-05-20T11:45:47.468699,ss14://5.189.196.198:1212/,[18+][RU][HRP] ğŸŸ¢skyperster14ğŸŸ¢,Silly Island,Ğ“Ñ€Ğ¸Ğ½ÑˆĞ¸Ñ„Ñ‚ ĞŸĞ»ÑÑ,0,35,1,513,2025-05-16T12:40:02.0411537Z,"lang:ru,region:as_n,rp:high,18+,no_tag_infer",
2025-05-20T11:45:47.468699,ss14://reserve-station.space,"ğŸ€Reserve StationğŸ“– [Ğ´ÑŒÑĞ²Ğ¾Ğ», Ğ°Ğ±Ğ´ÑƒĞºÑ‚Ğ¾Ñ€Ñ‹, Ğ¼Ğ°Ğ³Ğ¸, Ğ»Ğ°Ğ²Ğ°Ğ»ĞµĞ½Ğ´, ĞµÑ€ĞµÑ‚Ğ¸ĞºĞ¸, Ñ€ĞµĞ²Ğ¾Ğ»ÑÑ†Ğ¸Ñ]",Cluster,Ğ¡ĞµĞºÑ€ĞµÑ‚,9,100,1,1889,2025-05-20T10:50:06.3132474Z,"lang:ru,rp:low,rp:med,rp:high",
2025-05-20T11:45:47.468699,ss14s://server.ss14.org/spectral/,ğŸ’œâ¤ï¸ LUST STATION: Ğ¡ĞŸĞ•ĞšĞ¢Ğ Ğ£Ğœ ğŸ”¥[18+],Delta,ĞœĞ¸Ñ€Ğ½Ñ‹Ğ¹,94,125,1,7857,2025-05-20T07:59:37.1358768Z,"lang:ru,rp:low,rp:med,rp:high,region:eu_e,tts,erp",18+
2025-05-20T11:45:47.468699,ss14s://server.ss14.org/fenix/,ğŸµï¸ğŸŒSUNRISE: ĞŸĞ ĞĞšĞ›Ğ¯Ğ¢Ğ¬Ğ• Ğ¡ĞĞĞ ĞĞ™Ğ—ĞğŸŒ¹[ĞĞ‘ĞĞĞ’Ğ›Ğ•ĞĞ˜Ğ• 3.0],Box,Ğ¡ĞµĞºÑ€ĞµÑ‚,52,130,1,16501,2025-05-20T09:32:50.4256140Z,"lang:ru,rp:low,rp:med,rp:high,region:eu_e,tts,sunrise",
2025-05-20T11:45:47.468699,ss14s://server.ss14.org/venus/,ğŸ’œâ¤ï¸ LUST STATION: Ğ’Ğ•ĞĞ•Ğ Ğ ğŸ”¥[18+],,Ğ¡ĞµĞºÑ€ĞµÑ‚,50,125,0,7859,,"lang:ru,rp:low,rp:med,rp:high,region:eu_e,tts,erp",18+
2025-05-20T11:45:47.468699,ss14://ss14.sich.me:3737,[UA][NO RULES]ğŸŸ¦ğŸŸ¦ğŸŸ¨ğŸŸ¨ FRONTIER - Ğ¡iĞ§ Ğ£ĞšĞ ĞĞ‡ĞĞ¡Ğ¬ĞšĞĞ®,Frontier Outpost,Pirates,8,100,1,67,2025-05-20T00:31:44.0051076Z,"lang:uk,region:eu_e,rp:med",
2025-05-20T11:45:47.468699,ss14://92.124.130.159:1212/,â„ï¸[RU][MRP]Siberia Serverâ„ï¸,Core,Ğ¡ĞµĞºÑ€ĞµÑ‚,0,60,1,7094,2025-05-19T17:32:28.3212453Z,,"lang:ru,rp:med"
2025-05-20T11:45:47.468699,ss14s://server.ss14.org/perseus/,ğŸŸĞ Ğ«Ğ‘Ğ¬Ğ¯ Ğ¡Ğ¢ĞĞĞ¦Ğ˜Ğ¯|ĞŸĞĞœĞĞ©Ğ¬ ĞĞĞ’Ğ˜Ğ§ĞšĞĞœ|ĞĞĞ’Ğ«Ğ• Ğ Ğ•Ğ–Ğ˜ĞœĞ«,Delta,Ğ¡ĞµĞºÑ€ĞµÑ‚,73,125,1,10317,2025-05-20T10:16:58.8354975Z,"lang:ru,rp:low,mrp,region:ru,tts",
2025-05-20T11:45:47.468699,ss14://koprulu.p1ka.eu:1212,Ğ¡ĞµĞºÑ‚Ğ¾Ñ€ ĞšĞ¾Ğ¿Ñ€ÑƒĞ»Ñƒ,Reach,Extended,0,50,1,41,2025-05-18T17:58:41.9103245Z,"lang:ru,rp:low",
2025-05-20T11:45:47.468699,ss14s://game1.station14.ru/echo/server,ğŸ›°ï¸ Corvax â€” Ğ­Ñ…Ğ¾ â˜„ï¸âš¡[TTS][NEXT],,Ğ¡ĞµĞºÑ€ĞµÑ‚,4,80,0,83422,,"lang:ru,rp:med,region:eu_e,tts",
2025-05-20T11:45:47.468699,ss14://maunder.frontierstation14.com:1212,[EN][MRP] Frontier | Maunder [EU 1],Frontier Outpost,Pirates,4,80,1,3784,2025-05-20T04:05:31.9190804Z,"lang:en,rp:med,region:eu_w",
2025-05-20T11:45:47.468699,ss14://shibastation.inucast.com,[EN][MRP][18+] ğŸ• ShibaStation ğŸŒŒ | Arirals & Feroxi â€¢ Cosmic Cult â€¢ The Devil â€¢ Sneaking â€¢ ...and more!,,Secret,7,50,0,1836,,"MRP,18+,EU,Europe East,English,EN","lang:en,rp:med"
2025-05-20T11:45:47.468699,ss14s://beta.goobstation.com,"Goob Beta É´á´€-á´¡ | Your job is pointless, and so are you.",Reach,Extended,0,85,1,16946,2025-05-20T10:29:40.3865432Z,"lang:en,rp:low,region:am_n_w",
2025-05-20T11:45:47.468699,ss14s://leviathan.spacestation14.com/server,[EN] Wizard's Den Leviathan [US East 1],Packed,Secret,21,80,1,84356,2025-05-20T10:42:19.8900193Z,"lang:en,region:am_n_e,rp:low",
2025-05-20T11:45:47.468699,ss14://scarlet.funkystation.org:1213,[EN][MRP] Funky Station - Scarlet,Reach,Secret,1,40,1,6031,2025-05-20T10:32:27.8999443Z,"lang:en,region:am_n_e,rp:med",
2025-05-20T11:45:47.468699,ss14://adven.space:1213,ğŸš€ Adventure Space - ĞĞ´Ğ¸ÑÑĞµÑ! Ğ¡ĞµÑ€Ğ²ĞµÑ€ Ğ²ĞµÑ‡Ğ½Ñ‹Ñ… ÑĞ¼ĞµĞ½! [TTS][Whitelist],Packed,Ğ Ğ°ÑÑˆĞ¸Ñ€ĞµĞ½Ğ½Ñ‹Ğ¹,2,50,1,736,2025-05-11T18:26:44.2538700Z,"lang:ru,rp:hrp,region:eu_e",
2025-05-20T11:45:47.468699,ss14s://server.project-monolith.xyz,[EN][MRP] Monolith Sector [New],Colonial Outpost,Battlefront,25,85,1,269,2025-05-20T11:35:50.9209406Z,"lang:en,rp:med,region:eu_w",
2025-05-20T11:45:47.468699,ss14://frontier.radiant-sector.ru,ğŸªRadiant sector â€” Frontier [18+]ğŸª,ĞĞ²Ğ°Ğ½Ğ¿Ğ¾ÑÑ‚ Ğ¤Ñ€Ğ¾Ğ½Ñ‚Ğ¸Ñ€Ğ°,ĞŸĞ¸Ñ€Ğ°Ñ‚Ñ‹,3,60,1,412,2025-05-20T07:56:01.1254336Z,"lang:ru,rp:med,region:eu_e,18+:yes",18+
2025-05-20T11:45:47.468699,ss14s://game1.station14.ru/nova/server,ğŸ›°ï¸ Corvax â€” ĞĞ¾Ğ²Ğ° ğŸªâš¡[TTS][NEXT],NTVG ĞŸĞ°ĞºĞµÑ‚,Ğ¡ĞµĞºÑ€ĞµÑ‚,16,60,1,83416,2025-05-20T09:44:50.6139741Z,"lang:ru,rp:med,region:eu_e,tts",
2025-05-20T11:45:47.468699,ss14://185.186.25.183:1212,[NRP] [Sandbox] Atmos Playground by AINFA and Klovnstation,Saltern,Sandbox,1,30,1,144,2025-05-19T19:16:33.3790159Z,"lang:en,region:eu_e,rp:none",
2025-05-20T11:45:47.468699,ss14://147.45.108.112:1212/,ğŸ’ ğ—¥ğ—”ğ—¬ğ—§ğ—˜ğ—¡ ğŸ’,ĞšĞ»Ğ°ÑÑ‚ĞµÑ€,Ğ¡ĞµĞºÑ€ĞµÑ‚,8,100,1,2870,2025-05-20T10:46:22.1219393Z,"lang:ru,region:eu_e,rp:med",
2025-05-20T11:45:47.468699,ss14s://game1.station14.ru/elysium/server,ğŸ›°ï¸ Corvax â€” Ğ­Ğ»Ğ¸Ğ·Ğ¸ÑƒĞ¼ ğŸŒ‘[TTS],,Ğ¡ĞµĞºÑ€ĞµÑ‚,54,100,0,83421,,"lang:ru,rp:low,rp:med,region:eu_e,tts",
2025-05-20T11:45:47.468699,ss14://193.164.16.220:1212,[RU] ğŸ¦… Imperial Space | Ğ¡Ğ¾Ğ·Ğ²ĞµĞ·Ğ´Ğ¸Ğµ ĞšĞ°ÑÑĞ¸Ğ¾Ğ¿ĞµÑ | ĞĞ±Ğ½Ğ¾Ğ²Ğ»ĞµĞ½Ğ¸Ğµ 2.0!,Box Station,Ğ¡ĞµĞºÑ€ĞµÑ‚,87,100,1,57648,2025-05-20T10:47:50.7695547Z,,lang:ru
2025-05-20T11:45:47.468699,ss14://176.57.213.109:1212/,âš”ï¸ CrystallEdge âš”ï¸,,Ğ¡ÑƒĞ´Ğ½Ğ°Ñ Ğ½Ğ¾Ñ‡ÑŒ,0,40,0,714,,"lang:ru,lang:en,rp:med,region:eu_e",
2025-05-20T11:45:47.468699,ss14://88.97.251.110:21003,[EN][MRP] Null Sector - New,Lark Station,Colonial Expansion,0,20,1,38,2025-05-19T13:53:01.0168124Z,"MRP,New","lang:en,rp:med"
2025-05-20T11:45:47.468699,ss14s://server.ss14.org/fire/,ğŸ”¥ â˜¢ï¸ FIRE STATION 2.0 â–º SCP ğŸ§ª ĞœĞ« ĞĞ¢ĞšĞ Ğ«Ğ›Ğ˜Ğ¡Ğ¬ ğŸ™ï¸[TTS] ğŸ“¦[Ğ‘Ğ•Ğ¢Ğ],ĞšĞ¾Ğ¼Ğ¿Ğ»ĞµĞºÑ SCP,SCP,3,60,1,1780,2025-05-20T10:40:28.4127528Z,"lang:ru,rp:low,rp:med,rp:high,region:eu_e,tts,scp",
2025-05-20T11:45:47.468699,ss14s://stalkers14.xyz/server/old_marines,[RU] ğŸ”° Old TGMC ğŸŒ [Ğ‘ĞµÑ‚Ğ° Ñ‚ĞµÑÑ‚],Hokses,Ğ¯Ğ´ĞµÑ€Ğ½Ğ°Ñ Ğ’Ğ¾Ğ¹Ğ½Ğ°,0,70,0,503,,"lang:ru,rp:low,region:eu_e",
2025-05-20T11:45:47.468699,ss14://gordonsdungeon.info,[EN] GordonsDungeon [AU],Box Station,Secret,0,80,2,106,2025-05-19T06:42:07.4342351Z,"region:oce,lang:en",
2025-05-20T11:45:47.468699,ss14://s2.ss220.club,[RU][TTS] SS220 Orion âœ…,SCT Donuts,Ğ¡ĞµĞºÑ€ĞµÑ‚,9,85,1,21724,2025-05-20T09:28:21.9333896Z,,lang:ru
2025-05-20T11:45:47.468699,ss14://s2.ss220.club:1213,[RU][TTS] SS220 Perseus âœ…,NSS Axioma,Ğ¡ĞµĞºÑ€ĞµÑ‚,57,85,1,21725,2025-05-20T11:21:09.1263743Z,,lang:ru
2025-05-20T11:45:47.468699,ss14://93.181.225.143:1212/,[GC]â˜£ï¸ Ğ¡Ğ°Ğ»ÑÑ‚ 14[RU][LRP],Packed,Ğ¡ĞµĞºÑ€ĞµÑ‚,1,70,1,57,2025-05-20T10:17:11.7403880Z,lang:ru,rp:low
2025-05-20T11:45:47.468699,ss14s://trailblazer.arson.gg,[EN][SANDBOX] arson.gg | trailblazer,Planet,Sandbox,0,20,1,45,2025-05-20T07:54:40.3090026Z,"sandbox,noevents,indev",lang:en
2025-05-20T11:45:47.468699,ss14s://game1.station14.ru/main/server,ğŸ›°ï¸ Corvax â€” ĞœĞµĞ¹Ğ½ ğŸš€âš¡[TTS][NEXT],,Ğ¡ĞµĞºÑ€ĞµÑ‚,0,105,0,83406,,"lang:ru,rp:low,rp:med,region:eu_e,tts",
2025-05-20T11:45:47.468699,ss14s://spacestories.club/atlas,ğŸ“š Space Stories - Atlas ğŸ—ºï¸ [TTS],Beta Station,Ğ¡ĞµĞºÑ€ĞµÑ‚,19,100,1,19336,2025-05-20T11:07:07.3292015Z,"lang:ru,rp:med,region:eu_e",
2025-05-20T11:45:47.468699,ss14://193.164.18.155:1212,ğŸŒŒ[RU][MRP][TTS] Ğ’Ñ€ĞµĞ¼Ñ ĞŸÑ€Ğ¸ĞºĞ»ÑÑ‡ĞµĞ½Ğ¸Ğ¹,Kilo Station,Ğ¡ĞµĞºÑ€ĞµÑ‚,62,70,1,11621,2025-05-20T09:31:14.0055943Z,,"lang:ru,rp:med"
2025-05-20T11:45:47.468699,ss14s://spacestories.club/universe,ğŸ“š Space Stories - Universe ğŸ‘©â€ğŸš€ [TTS],Omega,Ğ¡ĞµĞºÑ€ĞµÑ‚,21,130,1,19335,2025-05-20T10:48:22.2856738Z,"lang:ru,rp:med,region:eu_e",
2025-05-20T11:45:47.468699,ss14://78.46.46.169:1212/,ğŸŒ’ Project Eclipse - Ğ¤Ğ ĞĞĞ¢Ğ˜Ğ ! [TTS][18+] ğŸŒ’,ĞĞ²Ğ°Ğ½Ğ¿Ğ¾ÑÑ‚ Ğ¤Ñ€Ğ¾Ğ½Ñ‚Ğ¸Ñ€Ğ°,ĞŸĞ¸Ñ€Ğ°Ñ‚Ñ‹,12,100,1,51,2025-05-17T18:09:38.5142281Z,"18+,lang:ru,rp:med,region:eu_e",
2025-05-20T11:45:47.468699,ss14s://backmen.ru/ss14/main,ğŸ‘½ ĞœĞĞ Ğ¢Ğ’Ğ«Ğ™ ĞšĞĞ¡ĞœĞĞ¡ ğŸŒ† ĞšĞ¾Ğ½Ñ„ĞµĞ´ĞµÑ€Ğ°Ñ†Ğ¸Ñ [TTS][MRP],Federation Box,Ğ¡Ñ‚Ğ°Ğ½Ğ´Ğ°Ñ€Ñ‚Ğ½Ñ‹Ğ¹,25,90,1,14797,2025-05-20T11:30:04.4578829Z,"lang:ru,rp:med,region:eu_e,tts",
2025-05-20T11:45:47.468699,ss14s://shizainc.com/mapping_sunrise/,ğŸµï¸ğŸŒSUNRISE: ĞœĞĞŸĞŸĞ•Ğ Ğ¡ĞšĞ˜Ğ™ âšœï¸,Empty,Ğ¡ĞµĞºÑ€ĞµÑ‚,0,20,1,853,2025-05-18T10:24:41.5710626Z,"lang:ru,rp:low,rp:med,rp:high,region:eu_e,tts,sunrise",
2025-05-20T11:45:47.468699,ss14s://spacestories.club/core,ğŸ“š Space Stories - Marine Corps Core ğŸŒ [TTS],ĞĞ»Ğ¼Ğ°Ğ¹ĞµÑ€,Ğ¡Ğ¸Ğ³Ğ½Ğ°Ğ» Ğ±ĞµĞ´ÑÑ‚Ğ²Ğ¸Ñ,151,200,1,12819,2025-05-20T11:26:11.6028276Z,"lang:ru,rp:med,region:eu_e",
2025-05-20T11:45:47.468699,ss14s://arson.gg,[EN][SANDBOX] arson.gg | deepstation,Asterisk,Sandbox,0,20,1,88,2025-05-19T22:12:19.0737934Z,"sandbox,noevents,indev",lang:en
2025-05-20T11:51:57.545497,ss14://206.83.151.19:1212/,[EN][LRP] Owl Cafe Station,Saltern,DeathMatch,0,64,1,139,2025-05-20T08:37:19.4885822Z,"lang:en,region:am_n_c,rp:low",
2025-05-20T11:51:57.545497,ss14://88.97.251.110:21009/,[EN][MRP] Trieste Port ğŸŒŠğŸŒŠ,Trieste,Secret,0,80,1,895,2025-05-20T08:31:39.4929063Z,,"lang:en,rp:med"
2025-05-20T11:51:57.545497,ss14s://rmc.arson.gg,[EN][SANDBOX] arson.gg | rmc,Savannah,Sandbox,0,20,1,84,2025-05-20T05:55:56.7773729Z,"sandbox,noevents,indev",lang:en
2025-05-20T11:51:57.545497,ss14://109.230.215.13:1212/,[EN] Neix Free Role Server ??,,Secret,0,30,0,51,,#free,lang:en
2025-05-20T11:51:57.545497,ss14://civ13.com:1212,[EN] ğŸ° ğ•®ğ–ğ–›ğ–ğ–‘ğ–ğ–Ÿğ–†ğ–™ğ–ğ–”ğ–“ 14 âš”ï¸ğŸ›¡ï¸ (TDM),Camp (WW2),Team Deathmatch,4,256,1,135,2025-05-20T11:40:30.1433841Z,"region:eu_w,rp:med",lang:en
2025-05-20T11:51:57.545497,ss14://152.53.240.55:1212/,[EN][HRP][18+] Foxtrot Station,Pebble,Irregular Extended,0,64,1,121,2025-05-20T07:06:13.5202967Z,,"lang:en,18+,rp:high"
2025-05-20T11:51:57.545497,ss14://195.18.27.250:11219/,[MRP] Saiga13 ğŸ·,,Ğ¡ĞµĞºÑ€ĞµÑ‚,0,80,0,76,,"lang:ru,rp:med",
2025-05-20T11:51:57.545497,ss14s://stalkers14.xyz/server/stalker,â˜¢ï¸[New season started!] S.T.A.L.K.E.R. â˜£ï¸,StalkerMap,Ğ¡Ñ‚Ğ°Ğ»ĞºĞµÑ€,6,110,1,833,2025-05-20T11:40:05.7302572Z,"lang:ru,rp:high,region:eu_e,18+",
2025-05-20T11:51:57.545497,ss14s://opendream1.noodle.spacestation14.com/goon,OpenDream Goonstation Test Server,,,0,,,,,"lang:en,rp:none,opendream",
2025-05-20T11:51:57.545497,ss14://208.94.246.172:27090/,ğŸ’€gravestationğŸ’€| king kong in da trunk,,Secret,0,60,0,393,,"lang:en,rp:low,region:an_n_c,no_tag_infer",
2025-05-20T11:51:57.545497,ss14://51.77.65.4:25501/,! ĞŸĞ ĞĞšĞ›Ğ¯Ğ¢Ğ˜Ğ• 220 | MRP,Cute,Ğ¡ĞµĞºÑ€ĞµÑ‚,0,30,0,211,,"lang:ru,rp:med,region:eu_w,region:eu_e,region:as_n",
2025-05-20T11:51:57.545497,ss14s://ss14.smokeofanarchy.ru/sandbox,[RU][NRP]SMoke of Anarchy[Sandbox],Reach,Sandbox,7,64,1,2923,2025-05-20T11:26:01.8494807Z,"region:as_n,rp:none,lang:ru",
2025-05-20T11:51:57.545497,ss14://67.220.85.39:1224/,[EN] ğŸŒŸStarlightğŸŒŸ Mapping,Saltern,Greenshift,0,256,1,604,2025-05-20T10:47:53.6146281Z,"region:am_n_e,region:am_n_c,region:am_n_w,region:am_c,region:eu_w,lang:en,rp:med",
2025-05-20T11:51:57.545497,ss14://92.124.130.159:1216/,â„ï¸[RP][RU][18+] Siberia Frontier â„ï¸,Frontier Outpost,New Frontier Adventure Mode,0,60,1,1612,2025-05-16T12:59:05.9923252Z,,"lang:ru,18+"
2025-05-20T11:51:57.545497,ss14s://opendream1.noodle.spacestation14.com/server,OpenDream Paradise Test Server,,,0,,,,,"lang:en,rp:none,opendream",
2025-05-20T11:51:57.545497,ss14://twostations.ru,[RU][MRP]ğŸ›° Ğ”Ğ²Ğµ Ğ¡Ñ‚Ğ°Ğ½Ñ†Ğ¸Ğ¸ | Ğ’Ğ°Ñˆ Ğ»ÑƒÑ‡ÑˆĞ¸Ğ¹ ÑĞºÑĞ¿Ğ¸Ñ€Ğ¸ĞµĞ½Ñ Ğ² Ñ€Ğ¿!,Delta Station,Ğ¡ĞµĞºÑ€ĞµÑ‚,0,70,1,53,2025-05-15T16:13:30.0341006Z,"lang:ru,region:eu_e,rp:med",
2025-05-20T11:51:57.545497,ss14s://server.ss14.org/ussp/,ğŸš€â˜­ USSP STATION: Ğ›Ğ•ĞĞ˜ĞĞ“Ğ ĞĞ” [TTS][Ğ¡Ğ¡Ğ¡ĞŸ] ğŸŒŒ,,Ğ¡ĞµĞºÑ€ĞµÑ‚,0,130,0,23,,"lang:ru,rp:low,rp:med,rp:high,region:eu_e,tts,sunrise",
2025-05-20T11:51:57.545497,ss14://ss14.sich.me:3535,[UA]ğŸŸ¦ğŸŸ¦ğŸŸ¨ğŸŸ¨ ĞšĞĞ¡ĞœĞĞ”Ğ•Ğ¡ĞĞĞ¢ Ğ¡iĞ§ [Ğ±ĞµĞ· Ğ¾ĞºÑƒĞ¿Ğ°Ğ½Ñ‚Ñ–Ğ²] - https://sich.me,Ğ¡Ğ°Ğ²Ğ°Ğ½Ğ½Ğ°,Ğ¡Ğ¸Ğ³Ğ½Ğ°Ğ» Ğ›Ğ¸Ñ…Ğ°,2,100,0,17383,,"lang:uk,region:eu_e,rp:med",
2025-05-20T11:51:57.545497,ss14://mineira.rbertoche.tec.br:1215,[PT] EstaÃ§Ã£o Mineira / Dungeon Dig - Pirata,,,0,30,1,,2025-05-05T16:00:26.0616595Z,"lang:pt,rp:med,region:am_s_e",
2025-05-20T11:51:57.545497,ss14s://alpha.goobstation.com,Goob Alpha á´‡á´œ-á´¡ | I saw your ref sheet. I know what you are.,Reach,Extended,7,85,1,16949,2025-05-20T11:48:01.0244632Z,"lang:en,rp:low,region:eu_w",
2025-05-20T11:51:57.545497,ss14://ss14.sich.me:3434,[UA][MRP]ğŸŸ¦ğŸŸ¦ğŸŸ¨ğŸŸ¨ Ğ¡iĞ§ Ğ£ĞšĞ ĞĞ‡ĞĞ¡Ğ¬ĞšĞĞ® | ğŸ—ºï¸ Omega | ğŸ² Greenshift | Ñ€Ğ°ÑƒĞ½Ğ´ â„–17376,Omega,Greenshift,0,100,1,17376,2025-05-20T01:18:51.9818874Z,"lang:uk,region:eu_e,rp:med",
2025-05-20T11:51:57.545497,ss14s://server.opendre.am/tg,OpenDream /tg/station Test Server,,,0,,,,,"lang:en,rp:none,opendream",
2025-05-20T11:51:57.545497,ss14://hypatia.frontierstation14.com:1212,[EN][MRP] Frontier | Hypatia [US 1],Frontier Outpost,Pirates,35,100,1,3783,2025-05-20T03:20:45.5964064Z,"lang:en,rp:med,region:am_n_e",
2025-05-20T11:51:57.545497,ss14s://sigma.goobstation.com,Goob Sigma á´‡á´œ-á´¡ | Press ALT+F4 for free burning flames team captain.,Oasis,The Guide,75,85,1,16947,2025-05-20T10:33:05.9638043Z,"lang:en,rp:low,region:eu_w",
2025-05-20T11:51:57.545497,ss14://85.192.49.3:1212/,ğŸ‰ĞœĞ˜ĞĞ˜-Ğ¡Ğ¢ĞĞĞ˜Ğ¯[ĞœĞ ĞŸ][Ğ Ğ£][Ğ¢Ğ¢Ğ¡],NTVG ĞŸĞ°ĞºĞµÑ‚,Ğ Ğ°ÑÑˆĞ¸Ñ€ĞµĞ½Ğ½Ñ‹Ğ¹,19,100,1,1053,2025-05-20T11:02:41.8359016Z,"region:eu_w,lang:ru",
2025-05-20T11:51:57.545497,ss14://62.148.140.57:1212/,ğŸª FLX-PROJECT â€” Cosmi Station ğŸ’« [18+],Meta Station,Ğ Ğ°ÑÑˆĞ¸Ñ€ĞµĞ½Ğ½Ñ‹Ğ¹,2,50,1,146,2025-05-20T11:10:17.2403441Z,"rp:med,lang:ru,18+",
2025-05-20T11:51:57.545497,ss14://play.funkystation.org:1214,[EN][MRP] Funky Station - Marisa (Open on Weekends),,Secret,0,150,0,6017,,"lang:en,region:am_n_e,rp:low",
2025-05-20T11:51:57.545497,ss14://ff.deadspace14.net:1214,ğŸ‘½ ĞœĞĞ Ğ¢Ğ’Ğ«Ğ™ ĞšĞĞ¡ĞœĞĞ¡ ğŸŒ  Ğ¤Ñ€Ğ¾Ğ½Ñ‚Ğ¸Ñ€ [Ğ‘Ğ•Ğ¢Ğ][TTS],Ğ¤Ñ€Ğ¾Ğ½Ñ‚Ğ¸Ñ€,ĞŸÑ€Ğ¸ĞºĞ»ÑÑ‡ĞµĞ½Ğ¸Ğµ Ğ½Ğ° Ğ½Ğ¾Ğ²Ğ¾Ğ¼ Ğ¤Ñ€Ğ¾Ğ½Ñ‚Ğ¸Ñ€Ğµ,50,100,1,33237,2025-05-20T04:32:26.4683797Z,"lang:ru,rp:high,rp:med,region:eu_e,tts",
2025-05-20T11:51:57.545497,ss14://178.156.140.40:1212/,â˜¢ï¸S.T.A.L.K.E.R. [EN Test] â˜£ï¸,StalkerMap,Stalker,0,80,1,30,2025-05-20T01:03:26.8356624Z,"lang:en,rp:med,region:am_n_e",
2025-05-20T11:51:57.545497,ss14://185.186.25.183:1213,[LRP-] [EN] Klovnstation 14,Saltern,Secret,0,80,1,189,2025-05-20T09:48:14.3751602Z,"lang:en,region:eu_e,rp:none",
2025-05-20T11:51:57.545497,ss14s://lizard.spacestation14.io/salamander,[EN][MRP] Wizard's Den Salamander [US West],Omega,Secret,25,80,1,84354,2025-05-20T10:18:24.7142460Z,"lang:en,region:am_n_w,rp:med",
2025-05-20T11:51:57.545497,ss14s://game1.station14.ru/marines-main/server,ğŸ›°ï¸ Corvax â€” Colonial Marines ğŸŒ,David,Ğ¡Ğ¸Ğ³Ğ½Ğ°Ğ» Ğ±ĞµĞ´ÑÑ‚Ğ²Ğ¸Ñ,23,100,1,16437,2025-05-20T10:56:42.3195069Z,"lang:ru,rp:med,region:eu_e",
2025-05-20T11:51:57.545497,ss14s://game1.station14.ru/nebula/server,ğŸ›°ï¸ Corvax â€” ĞĞµĞ±ÑƒĞ»Ğ° âœ¨[Ğ”Ğ›Ğ¯ ĞĞĞ’Ğ˜Ğ§ĞšĞĞ’],Omega,Ğ¡ĞµĞºÑ€ĞµÑ‚,1,50,1,83404,2025-05-20T10:40:11.2671959Z,"lang:ru,rp:low,rp:med,region:eu_e",
2025-05-20T11:51:57.545497,ss14://37.27.103.62:1212,[18+][RU][MRP+] ğŸŒŒ VoidSector - ĞŸĞ¾ÑÑ€ĞµĞ´Ğ¸ ĞŸÑƒÑÑ‚Ğ¾Ñ‚Ñ‹! ğŸŒŒ,Omega,Ğ Ğ°ÑÑˆĞ¸Ñ€ĞµĞ½Ğ½Ñ‹Ğ¹,3,100,1,2814,2025-05-20T11:22:36.4882489Z,"lang:ru,region:eu_e,rp:med,18+",
2025-05-20T11:51:57.545497,ss14s://spacestories.club/flux,ğŸ“š Space Stories - Marine Corps Flux ğŸŒ‘ [TTS],ĞĞ»Ğ¼Ğ°Ğ¹ĞµÑ€,Ğ¡Ğ¸Ğ³Ğ½Ğ°Ğ» Ğ±ĞµĞ´ÑÑ‚Ğ²Ğ¸Ñ,10,100,1,12818,2025-05-20T11:14:09.9379176Z,"lang:ru,rp:med,region:eu_e",
2025-05-20T11:51:57.545497,ss14://ss14-starlight-alfa.online,[EN][MRP-]ğŸŒŸStarlightğŸŒŸ - Alfa [TTS],Lobster Station,Secret,65,500,1,6345,2025-05-20T10:17:18.0490406Z,"region:am_n_e,region:am_n_c,lang:en,rp:med",
2025-05-20T11:51:57.545497,ss14://spacedream.qeqk.ru,ğŸŒ•Space Dream [MRP-HRP][18+][RU]ğŸŒ‘,Packed,Ğ Ğ°ÑÑˆĞ¸Ñ€ĞµĞ½Ğ½Ñ‹Ğ¹,24,100,1,586,2025-05-20T08:39:49.5610394Z,[MRP][18+][RU][as_n],"lang:ru,18+"
2025-05-20T11:51:57.545497,ss14s://regalis.goobstation.com,ê§áƒ¦âŠ±â™¥ ğ’¢ğ‘œğ‘œğ’· ğ“¡ğ“®ğ“°ğ“ªğ“µğ“²ğ“¼ ğ‘€ğ‘…ğ’« â™¥âŠ±áƒ¦ê§‚ É´á´€-á´¡,ShÅkÅ,Secret,20,85,1,2915,2025-05-20T10:11:09.3086221Z,"lang:en,rp:med,region:am_n_w",
2025-05-20T11:51:57.545497,ss14://game.floofstation.com,[EN][MRP][18+] Floof Station - Nova,Hammurabi,Secret,31,120,1,2975,2025-05-20T07:05:58.0702198Z,"18+,lang:en,region:am_n_w,rp:med",
2025-05-20T11:51:57.545497,ss14://67.220.85.39:1248/,[EN][MRP+]ğŸŒŸStarlightğŸŒŸ - Beta [TTS],Packed,Traitor,6,65,1,6347,2025-05-20T11:35:59.8484508Z,"region:am_n_e,region:am_n_c,lang:en,rp:med",
2025-05-20T11:51:57.545497,ss14://station-enterprise.space:1212,[RU][MRP]â­ï¸Enterprise - Main,Marathon Station,Ğ Ğ°ÑÑˆĞ¸Ñ€ĞµĞ½Ğ½Ñ‹Ğ¹,0,50,1,838,2025-05-19T19:26:27.5435765Z,"lang:ru,rp:med,region:eu_e",
2025-05-20T11:51:57.545497,ss14://140.238.186.133:1212/,[BR][PT] Nuclear 14 - Pirata,Sunnyvale,Extended,0,30,1,382,2025-05-14T18:05:04.1820707Z,"rp:med,lang:pt,region:am_s_e",
2025-05-20T11:51:57.545497,ss14://51.222.104.120:1213/,Space Station 14 Server,Elkridge Depot,Secret,0,30,1,32,2025-05-19T17:31:33.1745424Z,,
2025-05-20T11:51:57.545497,ss14s://corvaxforge.ru/server/kaif/,Kaif Station 18+ğŸ˜ - Ğ¡Ğ¼ĞµÑˆĞ½ĞµĞµ ÑƒĞ¶Ğµ Ğ½Ğµ Ğ±ÑƒĞ´ĞµÑ‚ğŸ˜ [NO-TTS],Reach,Ğ¡ĞµĞºÑ€ĞµÑ‚,0,35,1,650,2025-05-19T17:00:31.5573356Z,"lang:ru,rp:high,region:eu_e,18+",
2025-05-20T11:51:57.545497,ss14s://game1.station14.ru/wl/server,ğŸ›°ï¸ Corvax â€” Ğ’Ğ°Ğ¹Ñ‚Ğ»Ğ¸ÑÑ‚ â˜•[TTS],Tushkan,Ğ¡ĞµĞºÑ€ĞµÑ‚,0,70,1,5940,2025-05-20T09:04:27.0950965Z,"lang:ru,rp:high,region:eu_e,tts",
2025-05-20T11:51:57.545497,ss14://93.127.158.89:1212/,[FR] Nova Base,Reach,Secret,0,30,1,136,2025-05-19T23:41:35.9121725Z,"lang:fr,rp:low,region:eu_w",
2025-05-20T11:51:57.545497,ss14://node11.hexacluster.me:27000,[EN][LRP+] Ronstation,,Secret,12,64,1,6749,2025-05-20T11:13:51.8085175Z,,lang:en
2025-05-20T11:51:57.545497,ss14s://main.luaworld.ru,ğŸŒŒ[RU] LuaWorld Frontier 18+,Ğ¡ĞµĞºÑ‚Ğ¾Ñ€ Ğ¤Ñ€Ğ¾Ğ½Ñ‚Ğ¸Ñ€,Pirates,28,60,1,167,2025-05-18T21:05:21.2594363Z,"lang:ru,rp:high,rp:med,region:eu_e,tts,18+",
2025-05-20T11:51:57.545497,ss14s://corvaxforge.ru/server/fallout/,ğŸŒ€ Corvax â€” FALLOUT ğŸŒ€,Snowyvale,Ğ Ğ°ÑÑˆĞ¸Ñ€ĞµĞ½Ğ½Ñ‹Ğ¹,28,120,1,2707,2025-05-20T10:05:36.1640296Z,"lang:ru,rp:med,region:eu_e",
2025-05-20T11:51:57.545497,ss14://ms14game.notafet.net:1213,Mining Station 14,,,0,15,1,,2025-05-19T00:47:53.5520522Z,"lang:en,rp:med,region:am_n_w",
2025-05-20T11:51:57.545497,ss14://159.69.189.132:1212/,[DE][LRP] RAUMSTATION VIERZEHN [EU West],Reach,Secret,0,69,2,27,2025-05-18T12:40:34.2663950Z,"lang:en,rp:low,beginnerfriendly,region:eu_w",
2025-05-20T11:51:57.545497,ss14s://aurum.goobstation.com,ê§áƒ¦âŠ±â™¥ ğ’¢ğ‘œğ‘œğ’· ğ“ğ“¾ğ“»ğ“¾ğ“¶ ğ‘€ğ‘…ğ’« â™¥âŠ±áƒ¦ê§‚ á´‡á´œ-á´¡,ShÅkÅ,Survival,0,85,1,2916,2025-05-20T10:40:15.0991512Z,"lang:en,rp:med,region:eu_w",
2025-05-20T11:51:57.545497,ss14s://game1.station14.ru/solaris/server,ğŸ›°ï¸ Corvax â€” Ğ¡Ğ¾Ğ»ÑÑ€Ğ¸Ñ ğŸŒ•âš¡[TTS][NEXT],NTRK ĞĞ¼ĞµĞ³Ğ°,Ğ¡ĞµĞºÑ€ĞµÑ‚,2,115,1,83419,2025-05-20T11:12:26.6454347Z,"lang:ru,rp:med,region:eu_e,tts",
2025-05-20T11:51:57.545497,ss14s://apoapsis.deltav.gay,[EN][MRP] Delta-v (Î¨) | Apoapsis [US East 1],Glacier,Secret,31,80,1,21870,2025-05-20T11:43:10.7911358Z,"lang:en-US,region:am_n_e,rp:med,no_tag_infer",
2025-05-20T11:51:57.545497,ss14s://server.ss14.org/paradise,ğŸï¸ PROJECT PARADISE ğŸ”¥[MRP+][TTS][18+],Packed,Ğ¡ĞµĞºÑ€ĞµÑ‚,7,80,1,397,2025-05-20T11:29:57.2741725Z,"lang:ru,rp:low,rp:med,rp:high,region:eu_e,tts,erp",18+
2025-05-20T11:51:57.545497,ss14://rss14.ru:1212,[RU][LRP]ğŸŒ  Radium - Ğ“ĞµĞ½Ğ¾ĞºÑ€Ğ°Ğ´Ñ‹! | Ğ¡Ğ²Ğ¾Ğ¹ ĞºĞ¾Ğ½Ñ‚ĞµĞ½Ñ‚! | Ğ˜Ğ´Ñ‘Ñ‚ Ñ€Ğ°ÑƒĞ½Ğ´ Ğ½Ğ° Omega!,Omega,Ğ“Ñ€Ğ¸Ğ½ÑˆĞ¸Ñ„Ñ‚,0,64,1,3930,2025-05-20T08:34:08.1431084Z,region:eu_e,"lang:ru,rp:low"
2025-05-20T11:51:57.545497,ss14://ms14game.notafet.net:1216,[RU] Ğ¨Ğ°Ñ…Ñ‚Ñ‘Ñ€ÑĞºĞ°Ñ Ğ¡Ñ‚Ğ°Ğ½Ñ†Ğ¸Ñ 14,,,0,15,1,,2025-05-19T16:30:37.9322135Z,"lang:ru,rp:med,region:am_n_w",
2025-05-20T11:51:57.545497,ss14://94.243.231.112:1212/,[RU][18+] ğŸ‘»Freaky Station14ğŸ‘»[IN DEV],Reach,Ğ¡ĞµĞºÑ€ĞµÑ‚,4,30,1,171,2025-05-20T11:39:47.4391212Z,"lang:ru,18+",
2025-05-20T11:51:57.545497,ss14://88.211.249.76:1212/,Hosted by Pingperfect.com,,Secret,0,30,0,7,,,
2025-05-20T11:51:57.545497,ss14s://arles.station14.ru/wega-main/server,ğŸŒŸ Corvax â€” Ğ’ĞµĞ³Ğ° ğŸŒŸ[TTS][18+],Kerberos Station,Ğ¡ĞµĞºÑ€ĞµÑ‚,60,100,1,2062,2025-05-20T11:26:40.7793326Z,"lang:ru,rp:low,rp:med,region:eu_e,tts,18+",
2025-05-20T11:51:57.545497,ss14s://ludere.ss14.su/amour,ğŸ‘  Parsec â€” Amour [18+] [TTS],WhiteMoose Station,Ğ Ğ°ÑÑˆĞ¸Ñ€ĞµĞ½Ğ½Ñ‹Ğ¹,18,70,1,8811,2025-05-20T10:40:15.2930730Z,"lang:ru,region:eu_e,rp:low,rp:med,rp:high",18+
2025-05-20T11:51:57.545497,ss14://31.14.17.169:1212/,[UA][MRP]ğŸ’™ğŸ’› ĞŸÑ–Ñ€Ğ°Ñ‚Ğ¸ Ğ· Ğ¢Ñ€Ğ¾Ñ”Ñ‰Ğ¸Ğ½Ğ¸ ğŸ’™ğŸ’› | ğŸ—ºï¸ĞšĞ»Ğ°ÑÑ‚ĞµÑ€ ğŸ® ĞŸÑ–ÑĞ¾Ñ‡Ğ½Ğ¸Ñ†Ñ â³ 1Ğ³ 3Ñ…Ğ² | 5191,ĞšĞ»Ğ°ÑÑ‚ĞµÑ€,ĞŸÑ–ÑĞ¾Ñ‡Ğ½Ğ¸Ñ†Ñ,4,50,1,5191,2025-05-20T10:47:37.8670204Z,"region:eu_e,lang:uk,rp:med",
2025-05-20T11:51:57.545497,ss14s://frontier.arson.gg,[EN][SANDBOX] arson.gg | frontier,Frontier Outpost,Sandbox,0,20,0,151,,"sandbox,noevents,indev",lang:en
2025-05-20T11:51:57.545497,ss14s://server.scyllastation.com,Scylla Stationâ‚â‚ˆâ‚Š,Reach,Extended,0,85,1,26,2025-05-16T22:57:58.1546506Z,"lang:en,rp:med,region:eu_w,18+",
2025-05-20T11:51:57.545497,ss14://94.130.218.183:1212,[EN] Trouble in Goobtown (SSS),Reach,Suspicion,0,30,1,9030,2025-05-20T03:37:47.6609236Z,"lang:en,rp:low,rp:none,region:eu_w",
2025-05-20T11:51:57.545497,ss14://67.220.85.39:1260/,[EN] [MRP] Trieste Port 14,,Secret,0,30,0,7,,"region:am_n_e,region:am_n_c,lang:en,rp:med",
2025-05-20T11:51:57.545497,ss14://85.192.48.255:1213/,[WL][Frontier] ğŸŠ pacable station ğŸŠ,ĞĞ²Ğ°Ğ½Ğ¿Ğ¾ÑÑ‚ Ğ¤Ñ€Ğ¾Ğ½Ñ‚Ğ¸Ñ€Ğ°,Pirates,5,50,1,94,2025-05-18T20:22:14.4005560Z,,
2025-05-20T11:51:57.545497,ss14s://avalon.pikachu.systems/pong,[NoLang][NRP] Robust Pong (Avali) Wait how long can a hostname be? Is there a limit? So i just tested there is no limit so im gonna keep writing random stuff just cause I feel a little silly today. Xenia is a really cool fox IMO [The Moon]           Oh hey you got to see this part of the name you probably have an over 1080p monitor. You are quite rich... or you just /status my address which is cool as well. Did you know i have two main sonas right now? One being a pikachu and the other an avali? I have started using my avali a bit more as of recently but my pikachu is still pretty cute. Also originally i was gonna name this Wizard's Den Skug for the meme since pjb told me that it wont happen but when i found out theres no limit to the hostname i just had to do this. You got quite the long monitor godamn... no at this point you definetly used the /status http api on the server. Ok update the limit is 1024 ha.... Follow me on mastadon tech.lgbt/@VasilisTheChu and maybe shoot me a dm that you found it from here.,,,0,,,,,"lang:en,lang:ru,rp:none,region:luna,amongus",
2025-05-20T11:51:57.545497,ss14://185.97.255.17:1294,ğŸ‘½ ĞœĞĞ Ğ¢Ğ’Ğ«Ğ™ ĞšĞĞ¡ĞœĞĞ¡ ğŸ’– Ğ­Ñ€Ğ¸Ğ´Ğ° [TTS][+18],Federation Box,Ğ“Ñ€Ğ¸Ğ½ÑˆĞ¸Ñ„Ñ‚,31,100,1,176,2025-05-20T10:01:24.3444299Z,"lang:ru,rp:med,region:eu_e,tts,18+",
2025-05-20T11:51:57.545497,ss14://74.91.123.38:1212/,[EN] ERT: Distress Call [US East],,Secret,1,81,1,70,2025-05-17T00:22:37.0959743Z,"lang:en,region:am_n_e,rp:low",
2025-05-20T11:51:57.545497,ss14://104.243.34.95:1212,[EN][MRP] Rouny's Marine Corps Alamo [US East],Almayer,Distress Signal,97,350,1,5154,2025-05-20T11:07:27.3855930Z,"lang:en,region:am_n_e,rp:med",
2025-05-20T11:51:57.545497,ss14://arcadis.node-oheir.simplestation.org:26310,{Â§} Arcadis Station,Saltern,Extended,0,48,1,402,2025-05-11T22:17:54.6676755Z,,
2025-05-20T11:51:57.545497,ss14://play.funkystation.org,[EN][MRP] Funky Station - Cirno,Omega,Secret,15,80,1,6030,2025-05-20T10:09:13.6423937Z,"lang:en,region:am_n_e",rp:med
2025-05-20T11:51:57.545497,ss14://138.124.114.65:1212/,[RU] Corvax - Force,,Ğ¡ĞµĞºÑ€ĞµÑ‚,0,80,0,344,,,lang:ru
2025-05-20T11:51:57.545497,ss14://193.164.16.220:1216,[RU] ğŸ¦… Imperial Space | Whitelist | Ğ¡Ğ¾Ğ·Ğ²ĞµĞ·Ğ´Ğ¸Ğµ ĞĞºĞ¸Ğ»Ğ°,,Ğ’Ñ‹Ğ¶Ğ¸Ğ²Ğ°Ğ½Ğ¸Ğµ,10,40,0,57651,,,lang:ru
2025-05-20T11:51:57.545497,ss14://121.127.37.49:1212,[RU][MRP]â­ï¸Enterprise - Main [ĞŸĞ•Ğ Ğ•Ğ•Ğ¥ĞĞ›Ğ˜ ĞĞ ĞĞĞ’Ğ«Ğ™ Ğ¥ĞĞ¡Ğ¢Ğ˜ĞĞ“|ss14://station-enterprise.space:1212],Cluster,ĞŸĞµÑĞ¾Ñ‡Ğ½Ğ¸Ñ†Ğ°,0,5,1,774,2025-05-18T03:30:50.3931845Z,"lang:ru,rp:med,region:eu_e",
2025-05-20T11:51:57.545497,ss14s://ludere.ss14.su/totalwar,âœŠ Total War [TTS],,ĞŸÑ€Ğ¾Ğ´Ğ»Ñ‘Ğ½Ğ½Ñ‹Ğ¹,0,70,0,175,,"lang:ru,region:eu_e,rp:low,rp:med,rp:high",
2025-05-20T11:51:57.545497,ss14s://leviathan.spacestation14.com/vulture,[EN][Testing] Wizard's Den Vulture [US East 2],Elkridge Depot,Secret,33,80,1,84355,2025-05-20T10:29:37.3088292Z,"lang:en,region:am_n_e,rp:low",
2025-05-20T11:51:57.545497,ss14s://remisk.remstations.com,[EN][LRP]Rem Station [US East 1],Reach,Secret,0,80,1,73,2025-05-20T11:33:15.2377057Z,"region:ata,region:grl,region:am_n_e,region:luna,rp:low,lang:en",
2025-05-20T11:51:57.545497,ss14s://stalkers14.xyz/server/victoria,[MRP][RU]âšœï¸Victoria - Ğ¾Ğ¿Ğ»Ğ¾Ñ‚ Ğ¸ÑÑ‚Ğ¾Ñ€Ğ¸Ğ¸ Ğ²ÑĞµĞ»ĞµĞ½Ğ½Ğ¾Ğ¹,Silly Island,Ğ¡ĞµĞºÑ€ĞµÑ‚,0,100,1,290,2025-05-19T19:10:01.6986122Z,"lang:ru,rp:med,region:eu_e",
2025-05-20T11:51:57.545497,ss14://108.18.250.225:1212/,[EN]Bald Station [LRP] [US East],Pebble,Hellshift,2,64,1,299,2025-05-20T00:51:03.9017409Z,"lang:en,region:am_n_e,rp:low",
2025-05-20T11:51:57.545497,ss14://game.ac.blue-creature.com:1212,[18+][RU][MRP][ERP] ğŸª AlphaCentauri | ĞĞ»ÑŒÑ„Ğ°Ğ¦ĞµĞ½Ñ‚Ğ°Ğ²Ñ€Ğ°,,Ğ¡ĞµĞºÑ€ĞµÑ‚,0,70,0,2272,,"18+,lang:ru,rp:med",
2025-05-20T11:51:57.545497,ss14s://station.legacyofparadise.space/frontier/,ğŸš€ Legacy of Paradise - Frontier ğŸ§ [18+][TTS],ĞĞ²Ğ°Ğ½Ğ¿Ğ¾ÑÑ‚,ĞŸĞ¸Ñ€Ğ°Ñ‚Ñ‹,11,111,1,123,2025-05-20T02:12:31.9664881Z,"18+,lang:ru,region:eu_e,rp:med",
2025-05-20T11:51:57.545497,ss14://f1.deadspace14.net:1212,ğŸ‘½ ĞœĞĞ Ğ¢Ğ’Ğ«Ğ™ ĞšĞĞ¡ĞœĞĞ¡ ğŸš€ Ğ¤Ğ¾Ğ±Ğ¾Ñ [TTS],Spectrum Station,ĞŸÑ€ĞµĞ´Ğ°Ñ‚ĞµĞ»Ğ¸,115,120,1,33247,2025-05-20T10:41:51.9697794Z,"lang:ru,rp:med,region:eu_e,tts",
2025-05-20T11:51:57.545497,ss14://fronteira.rbertoche.tec.br:1213,[BR][PT][MRP] Fronteira - Pirata,Frontier Outpost,New Frontier Adventure Mode,0,60,1,802,2025-05-20T04:36:34.8276263Z,"rp:med,lang:pt,region:am_s_e",
2025-05-20T11:51:57.545497,ss14s://periapsis.deltav.gay,[EN][MRP] Delta-v (Î¨) | Periapsis [US East 2],Chibi,Secret,0,50,1,21869,2025-05-20T10:50:28.4456936Z,"lang:en-US,region:am_n_e,rp:med,no_tag_infer",
2025-05-20T11:51:57.545497,ss14://f2.deadspace14.net:1213,ğŸ‘½ ĞœĞĞ Ğ¢Ğ’Ğ«Ğ™ ĞšĞĞ¡ĞœĞĞ¡ ğŸš€ Ğ¢Ğ¸Ñ‚Ğ°Ğ½ [TTS],Plasma Station,Ğ Ğ°ÑÑˆĞ¸Ñ€ĞµĞ½Ğ½Ñ‹Ğ¹,56,90,1,33249,2025-05-20T11:31:28.8544147Z,"lang:ru,rp:high,rp:med,region:eu_e,tts",
2025-05-20T11:51:57.545497,ss14://187.120.181.58:1212/,[EN][LRP][SA East] Section One,Reach,Secret,0,45,1,84,2025-05-17T20:44:12.8956050Z,"lang:en,rp:low,region:am_s_e",
2025-05-20T11:51:57.545497,ss14s://horizon.deltav.gay,[EN][MRP] Delta-v (Î¨) | Horizon [US East 3],Chibi,Secret,1,80,2,21867,2025-05-20T09:03:03.8837712Z,"lang:en-US,region:am_n_e,rp:med,no_tag_infer",
2025-05-20T11:51:57.545497,ss14s://game1.station14.ru/athara/server,ğŸ›°ï¸ Corvax â€” ĞÑ‚Ğ°Ñ€Ğ° ğŸŒŒâš¡[TTS][NEXT],NTLPK Ğ¥Ğ»Ğ¾Ñ€Ğ¸Ñ,Ğ¡ĞµĞºÑ€ĞµÑ‚,62,75,1,83418,2025-05-20T10:58:53.8482982Z,"lang:ru,rp:med,region:eu_e,tts",
2025-05-20T11:51:57.545497,ss14s://ss14.mira-sector.xyz,Mira Sector [Surgery/Malf AI] [EU West],Atlas,Secret,0,80,1,1458,2025-05-19T20:24:36.2207397Z,"lang:en,rp:low,region:eu_w",
2025-05-20T11:51:57.545497,ss14s://corvaxforge.ru/server/frontier,ğŸŒ€ Corvax â€” Frontier ğŸŒ€,ĞĞ²Ğ°Ğ½Ğ¿Ğ¾ÑÑ‚ Ğ¤Ñ€Ğ¾Ğ½Ñ‚Ğ¸Ñ€Ğ°,Pirates,12,100,1,1457,2025-05-20T07:04:06.8182805Z,"lang:ru,rp:med,region:eu_e",
2025-05-20T11:51:57.545497,ss14://23.88.54.250:1212/,[EN][LRP] Spirit Station [EU West],Amber,Secret,0,80,1,241,2025-05-18T16:53:16.3444152Z,"lang:en,region:eu_w,rp:low",
2025-05-20T11:51:57.545497,ss14://f3.deadspace14.net:1216,ğŸ‘½ ĞœĞĞ Ğ¢Ğ’Ğ«Ğ™ ĞšĞĞ¡ĞœĞĞ¡ ğŸš€ Ğ”ĞµĞ¹Ğ¼Ğ¾Ñ [TTS],Bagel Station,Ğ’Ñ‹Ğ¶Ğ¸Ğ²Ğ°Ğ½Ğ¸Ğµ,31,90,1,33250,2025-05-20T11:37:51.1193515Z,"lang:ru,rp:med,region:eu_e,tts",
2025-05-20T11:51:57.545497,ss14://adven.space:1212,â˜€ Adventure Space - Ğ˜Ğ»Ğ¸Ğ°Ğ´Ğ°! ĞŸĞ¾Ğ¼Ğ¾Ñ‰ÑŒ Ğ½Ğ¾Ğ²Ğ¸Ñ‡ĞºĞ°Ğ¼! ĞĞ¾Ğ²Ñ‹Ğµ Ğ¼ĞµÑ…Ğ°Ğ½Ğ¸ĞºĞ¸! [TTS],Silly Island,Ğ Ğ°ÑÑˆĞ¸Ñ€ĞµĞ½Ğ½Ñ‹Ğ¹,3,100,1,8401,2025-05-20T11:28:50.8526840Z,"lang:ru,rp:lrp,region:eu_e",
2025-05-20T11:51:57.545497,ss14://83.138.55.215:1215/,[UA] ğŸ’™ğŸ’› Ğ¢Ñ€Ğ¾Ñ”Ñ‰Ğ¸Ğ½ÑÑŒĞºÑ– ĞÑ€Ñ…Ñ–Ñ‚ĞµĞºÑ‚Ğ¾Ñ€Ğ¸ ğŸ’™ğŸ’›,ĞÑ‚Ğ»Ğ°Ñ,ĞŸĞ¾Ğ´Ğ¾Ğ²Ğ¶ĞµĞ½Ğ¸Ğ¹,0,0,1,2982,2025-05-20T11:42:44.2860622Z,"region:eu_e,lang:uk,rp:low",
2025-05-20T11:51:57.545497,ss14://s3.ss220.club:1214,[RU][TTS] SS220 Sagittarius âœ…,NSS Frankenstein,Ğ¡ĞµĞºÑ€ĞµÑ‚,1,85,1,21722,2025-05-20T07:17:39.6867381Z,,lang:ru
2025-05-20T11:51:57.545497,ss14s://io.arcadiastation.org/,[18+]Arcadia Station (â™ƒ) Io,Reach,Secret,0,99,1,93,2025-05-13T12:55:47.5769866Z,"18+,lang:en-US,region:am_na_e,no_tag_infer",
2025-05-20T11:51:57.545497,ss14://arumoon.starshine.club:1212,[RU][LRP] Starshine Ğ¸Ğ¼. Aru Moon,Lighthouse,Ğ Ğ°ÑÑˆĞ¸Ñ€ĞµĞ½Ğ½Ñ‹Ğ¹,3,40,1,11687,2025-05-20T10:57:53.4482427Z,"lang:ru,rp:low,region:eu_e",
2025-05-20T11:51:57.545497,ss14s://funky.arson.gg,[EN][SANDBOX] arson.gg | funkystation,Reach,Sandbox,0,20,1,237,2025-05-19T19:19:04.5828100Z,"sandbox,noevents,indev",lang:en
2025-05-20T11:51:57.545497,ss14s://vanilla.arson.gg,[EN][SANDBOX] arson.gg | vanilla,,Sandbox,0,20,0,489,,"sandbox,noevents,indev",lang:en
2025-05-20T11:51:57.545497,ss14://s1.deadspace14.net:1215,ğŸ‘½ ĞœĞĞ Ğ¢Ğ’Ğ«Ğ™ ĞšĞĞ¡ĞœĞĞ¡ ğŸš© Ğ¡Ğ¾ÑĞ·-1 [TTS],DS Silly Island,Ğ Ğ°ÑÑˆĞ¸Ñ€ĞµĞ½Ğ½Ñ‹Ğ¹,2,70,1,33246,2025-05-20T09:50:20.0621601Z,"lang:ru,rp:high,rp:med,region:eu_e,tts",
2025-05-20T11:51:57.545497,ss14://193.164.16.220:1214,[RU] ğŸ¦… Imperial Space | Ğ¡Ğ¾Ğ·Ğ²ĞµĞ·Ğ´Ğ¸Ğµ Ğ¦ĞµÑ„ĞµĞ¹ | ĞĞ±Ğ½Ğ¾Ğ²Ğ»ĞµĞ½Ğ¸Ğµ 2.0!,Box Station,Ğ¡ĞµĞºÑ€ĞµÑ‚,25,100,1,57650,2025-05-20T11:37:30.1321776Z,,lang:ru
2025-05-20T11:51:57.545497,ss14s://lizard.spacestation14.io/server,[EN] Wizard's Den Lizard [US West],Marathon Station,Secret,79,80,1,84357,2025-05-20T10:51:59.7942274Z,"lang:en,region:am_n_w,rp:low",
2025-05-20T11:51:57.545497,ss14://104.243.34.8:1213/,JhapStation,Reach,DeathMatch,0,30,1,39,2025-05-14T16:56:55.6332913Z,,
2025-05-20T11:51:57.545497,ss14://5.189.196.198:1212/,[18+][RU][HRP] ğŸŸ¢skyperster14ğŸŸ¢,Silly Island,Ğ“Ñ€Ğ¸Ğ½ÑˆĞ¸Ñ„Ñ‚ ĞŸĞ»ÑÑ,0,35,1,513,2025-05-16T12:40:02.0411537Z,"lang:ru,region:as_n,rp:high,18+,no_tag_infer",
2025-05-20T11:51:57.545497,ss14://reserve-station.space,"ğŸ€Reserve StationğŸ“– [Ğ´ÑŒÑĞ²Ğ¾Ğ», Ğ°Ğ±Ğ´ÑƒĞºÑ‚Ğ¾Ñ€Ñ‹, Ğ¼Ğ°Ğ³Ğ¸, Ğ»Ğ°Ğ²Ğ°Ğ»ĞµĞ½Ğ´, ĞµÑ€ĞµÑ‚Ğ¸ĞºĞ¸, Ñ€ĞµĞ²Ğ¾Ğ»ÑÑ†Ğ¸Ñ]",Cluster,Ğ¡ĞµĞºÑ€ĞµÑ‚,9,100,1,1889,2025-05-20T10:50:06.3132474Z,"lang:ru,rp:low,rp:med,rp:high",
2025-05-20T11:51:57.545497,ss14s://server.ss14.org/spectral/,ğŸ’œâ¤ï¸ LUST STATION: Ğ¡ĞŸĞ•ĞšĞ¢Ğ Ğ£Ğœ ğŸ”¥[18+],Delta,ĞœĞ¸Ñ€Ğ½Ñ‹Ğ¹,96,125,1,7857,2025-05-20T07:59:37.1358768Z,"lang:ru,rp:low,rp:med,rp:high,region:eu_e,tts,erp",18+
2025-05-20T11:51:57.545497,ss14s://server.ss14.org/fenix/,ğŸµï¸ğŸŒSUNRISE: ĞŸĞ ĞĞšĞ›Ğ¯Ğ¢Ğ¬Ğ• Ğ¡ĞĞĞ ĞĞ™Ğ—ĞğŸŒ¹[ĞĞ‘ĞĞĞ’Ğ›Ğ•ĞĞ˜Ğ• 3.0],Box,Ğ¡ĞµĞºÑ€ĞµÑ‚,54,130,1,16501,2025-05-20T09:32:50.4256140Z,"lang:ru,rp:low,rp:med,rp:high,region:eu_e,tts,sunrise",
2025-05-20T11:51:57.545497,ss14s://server.ss14.org/venus/,ğŸ’œâ¤ï¸ LUST STATION: Ğ’Ğ•ĞĞ•Ğ Ğ ğŸ”¥[18+],Delta,Ğ¡ĞµĞºÑ€ĞµÑ‚,53,125,1,7859,2025-05-20T11:48:14.0139599Z,"lang:ru,rp:low,rp:med,rp:high,region:eu_e,tts,erp",18+
2025-05-20T11:51:57.545497,ss14://ss14.sich.me:3737,[UA][NO RULES]ğŸŸ¦ğŸŸ¦ğŸŸ¨ğŸŸ¨ FRONTIER - Ğ¡iĞ§ Ğ£ĞšĞ ĞĞ‡ĞĞ¡Ğ¬ĞšĞĞ®,Frontier Outpost,Pirates,9,100,1,67,2025-05-20T00:31:44.0051076Z,"lang:uk,region:eu_e,rp:med",
2025-05-20T11:51:57.545497,ss14://92.124.130.159:1212/,â„ï¸[RU][MRP]Siberia Serverâ„ï¸,Core,Ğ¡ĞµĞºÑ€ĞµÑ‚,0,60,1,7094,2025-05-19T17:32:28.3212453Z,,"lang:ru,rp:med"
2025-05-20T11:51:57.545497,ss14s://server.ss14.org/perseus/,ğŸŸĞ Ğ«Ğ‘Ğ¬Ğ¯ Ğ¡Ğ¢ĞĞĞ¦Ğ˜Ğ¯|ĞŸĞĞœĞĞ©Ğ¬ ĞĞĞ’Ğ˜Ğ§ĞšĞĞœ|ĞĞĞ’Ğ«Ğ• Ğ Ğ•Ğ–Ğ˜ĞœĞ«,,Ğ¡ĞµĞºÑ€ĞµÑ‚,24,125,0,10318,,"lang:ru,rp:low,mrp,region:ru,tts",
2025-05-20T11:51:57.545497,ss14://koprulu.p1ka.eu:1212,Ğ¡ĞµĞºÑ‚Ğ¾Ñ€ ĞšĞ¾Ğ¿Ñ€ÑƒĞ»Ñƒ,Reach,Extended,0,50,1,41,2025-05-18T17:58:41.9103245Z,"lang:ru,rp:low",
2025-05-20T11:51:57.545497,ss14s://game1.station14.ru/echo/server,ğŸ›°ï¸ Corvax â€” Ğ­Ñ…Ğ¾ â˜„ï¸âš¡[TTS][NEXT],NTABK Ğ¡Ğ¸Ğ»Ğ»Ğ¸,Ğ¡ĞµĞºÑ€ĞµÑ‚,4,80,1,83422,2025-05-20T11:47:20.5788211Z,"lang:ru,rp:med,region:eu_e,tts",
2025-05-20T11:51:57.545497,ss14://maunder.frontierstation14.com:1212,[EN][MRP] Frontier | Maunder [EU 1],Frontier Outpost,Pirates,4,80,1,3784,2025-05-20T04:05:31.9190804Z,"lang:en,rp:med,region:eu_w",
2025-05-20T11:51:57.545497,ss14s://beta.goobstation.com,"Goob Beta É´á´€-á´¡ | Your job is pointless, and so are you.",Reach,Extended,0,85,1,16946,2025-05-20T10:29:40.3865432Z,"lang:en,rp:low,region:am_n_w",
2025-05-20T11:51:57.545497,ss14://shibastation.inucast.com,[EN][MRP][18+] ğŸ• ShibaStation ğŸŒŒ | Arirals & Feroxi â€¢ Cosmic Cult â€¢ The Devil â€¢ Sneaking â€¢ ...and more!,Amber,Secret,5,50,1,1836,2025-05-20T11:46:37.2625327Z,"MRP,18+,EU,Europe East,English,EN","lang:en,rp:med"
2025-05-20T11:51:57.545497,ss14s://leviathan.spacestation14.com/server,[EN] Wizard's Den Leviathan [US East 1],Packed,Secret,21,80,1,84356,2025-05-20T10:42:19.8900193Z,"lang:en,region:am_n_e,rp:low",
2025-05-20T11:51:57.545497,ss14://scarlet.funkystation.org:1213,[EN][MRP] Funky Station - Scarlet,Reach,Secret,1,40,1,6031,2025-05-20T10:32:27.8999443Z,"lang:en,region:am_n_e,rp:med",
2025-05-20T11:51:57.545497,ss14://adven.space:1213,ğŸš€ Adventure Space - ĞĞ´Ğ¸ÑÑĞµÑ! Ğ¡ĞµÑ€Ğ²ĞµÑ€ Ğ²ĞµÑ‡Ğ½Ñ‹Ñ… ÑĞ¼ĞµĞ½! [TTS][Whitelist],Packed,Ğ Ğ°ÑÑˆĞ¸Ñ€ĞµĞ½Ğ½Ñ‹Ğ¹,2,50,1,736,2025-05-11T18:26:44.2538700Z,"lang:ru,rp:hrp,region:eu_e",
2025-05-20T11:51:57.545497,ss14s://server.project-monolith.xyz,[EN][MRP] Monolith Sector [New],Colonial Outpost,Battlefront,22,85,1,269,2025-05-20T11:35:50.9209406Z,"lang:en,rp:med,region:eu_w",
2025-05-20T11:51:57.545497,ss14://frontier.radiant-sector.ru,ğŸªRadiant sector â€” Frontier [18+]ğŸª,ĞĞ²Ğ°Ğ½Ğ¿Ğ¾ÑÑ‚ Ğ¤Ñ€Ğ¾Ğ½Ñ‚Ğ¸Ñ€Ğ°,ĞŸĞ¸Ñ€Ğ°Ñ‚Ñ‹,3,60,1,412,2025-05-20T07:56:01.1254336Z,"lang:ru,rp:med,region:eu_e,18+:yes",18+
2025-05-20T11:51:57.545497,ss14s://game1.station14.ru/nova/server,ğŸ›°ï¸ Corvax â€” ĞĞ¾Ğ²Ğ° ğŸªâš¡[TTS][NEXT],NTVG ĞŸĞ°ĞºĞµÑ‚,Ğ¡ĞµĞºÑ€ĞµÑ‚,15,60,1,83416,2025-05-20T09:44:50.6139741Z,"lang:ru,rp:med,region:eu_e,tts",
2025-05-20T11:51:57.545497,ss14://185.186.25.183:1212,[NRP] [Sandbox] Atmos Playground by AINFA and Klovnstation,Saltern,Sandbox,1,30,1,144,2025-05-19T19:16:33.3790159Z,"lang:en,region:eu_e,rp:none",
2025-05-20T11:51:57.545497,ss14://147.45.108.112:1212/,ğŸ’ ğ—¥ğ—”ğ—¬ğ—§ğ—˜ğ—¡ ğŸ’,ĞšĞ»Ğ°ÑÑ‚ĞµÑ€,Ğ¡ĞµĞºÑ€ĞµÑ‚,8,100,1,2870,2025-05-20T10:46:22.1219393Z,"lang:ru,region:eu_e,rp:med",
2025-05-20T11:51:57.545497,ss14s://game1.station14.ru/elysium/server,ğŸ›°ï¸ Corvax â€” Ğ­Ğ»Ğ¸Ğ·Ğ¸ÑƒĞ¼ ğŸŒ‘[TTS],Bagel Station,Ğ¡ĞµĞºÑ€ĞµÑ‚,57,100,1,83421,2025-05-20T11:45:14.0567525Z,"lang:ru,rp:low,rp:med,region:eu_e,tts",
2025-05-20T11:51:57.545497,ss14://193.164.16.220:1212,[RU] ğŸ¦… Imperial Space | Ğ¡Ğ¾Ğ·Ğ²ĞµĞ·Ğ´Ğ¸Ğµ ĞšĞ°ÑÑĞ¸Ğ¾Ğ¿ĞµÑ | ĞĞ±Ğ½Ğ¾Ğ²Ğ»ĞµĞ½Ğ¸Ğµ 2.0!,Box Station,Ğ¡ĞµĞºÑ€ĞµÑ‚,90,100,1,57648,2025-05-20T10:47:50.7695547Z,,lang:ru
2025-05-20T11:51:57.545497,ss14://176.57.213.109:1212/,âš”ï¸ CrystallEdge âš”ï¸,,Ğ¡ÑƒĞ´Ğ½Ğ°Ñ Ğ½Ğ¾Ñ‡ÑŒ,0,40,0,714,,"lang:ru,lang:en,rp:med,region:eu_e",
2025-05-20T11:51:57.545497,ss14://88.97.251.110:21003,[EN][MRP] Null Sector - New,Lark Station,Colonial Expansion,0,20,1,38,2025-05-19T13:53:01.0168124Z,"MRP,New","lang:en,rp:med"
2025-05-20T11:51:57.545497,ss14s://server.ss14.org/fire/,ğŸ”¥ â˜¢ï¸ FIRE STATION 2.0 â–º SCP ğŸ§ª ĞœĞ« ĞĞ¢ĞšĞ Ğ«Ğ›Ğ˜Ğ¡Ğ¬ ğŸ™ï¸[TTS] ğŸ“¦[Ğ‘Ğ•Ğ¢Ğ],ĞšĞ¾Ğ¼Ğ¿Ğ»ĞµĞºÑ SCP,SCP,4,60,1,1780,2025-05-20T10:40:28.4127528Z,"lang:ru,rp:low,rp:med,rp:high,region:eu_e,tts,scp",
2025-05-20T11:51:57.545497,ss14s://stalkers14.xyz/server/old_marines,[RU] ğŸ”° Old TGMC ğŸŒ [Ğ‘ĞµÑ‚Ğ° Ñ‚ĞµÑÑ‚],Hokses,Ğ¯Ğ´ĞµÑ€Ğ½Ğ°Ñ Ğ’Ğ¾Ğ¹Ğ½Ğ°,0,70,0,503,,"lang:ru,rp:low,region:eu_e",
2025-05-20T11:51:57.545497,ss14://gordonsdungeon.info,[EN] GordonsDungeon [AU],Box Station,Secret,0,80,2,106,2025-05-19T06:42:07.4342351Z,"region:oce,lang:en",
2025-05-20T11:51:57.545497,ss14://s2.ss220.club,[RU][TTS] SS220 Orion âœ…,SCT Donuts,Ğ¡ĞµĞºÑ€ĞµÑ‚,10,85,1,21724,2025-05-20T09:28:21.9333896Z,,lang:ru
2025-05-20T11:51:57.545497,ss14://s2.ss220.club:1213,[RU][TTS] SS220 Perseus âœ…,NSS Axioma,Ğ¡ĞµĞºÑ€ĞµÑ‚,64,85,1,21725,2025-05-20T11:21:09.1263743Z,,lang:ru
2025-05-20T11:51:57.545497,ss14://93.181.225.143:1212/,[GC]â˜£ï¸ Ğ¡Ğ°Ğ»ÑÑ‚ 14[RU][LRP],Packed,Ğ¡ĞµĞºÑ€ĞµÑ‚,1,70,1,57,2025-05-20T10:17:11.7403880Z,lang:ru,rp:low
2025-05-20T11:51:57.545497,ss14s://trailblazer.arson.gg,[EN][SANDBOX] arson.gg | trailblazer,Planet,Sandbox,0,20,1,45,2025-05-20T07:54:40.3090026Z,"sandbox,noevents,indev",lang:en
2025-05-20T11:51:57.545497,ss14s://game1.station14.ru/main/server,ğŸ›°ï¸ Corvax â€” ĞœĞµĞ¹Ğ½ ğŸš€âš¡[TTS][NEXT],,Ğ¡ĞµĞºÑ€ĞµÑ‚,0,105,0,83406,,"lang:ru,rp:low,rp:med,region:eu_e,tts",
2025-05-20T11:51:57.545497,ss14s://spacestories.club/atlas,ğŸ“š Space Stories - Atlas ğŸ—ºï¸ [TTS],Beta Station,Ğ¡ĞµĞºÑ€ĞµÑ‚,20,100,1,19336,2025-05-20T11:07:07.3292015Z,"lang:ru,rp:med,region:eu_e",
2025-05-20T11:51:57.545497,ss14://193.164.18.155:1212,ğŸŒŒ[RU][MRP][TTS] Ğ’Ñ€ĞµĞ¼Ñ ĞŸÑ€Ğ¸ĞºĞ»ÑÑ‡ĞµĞ½Ğ¸Ğ¹,Kilo Station,Ğ¡ĞµĞºÑ€ĞµÑ‚,64,70,1,11621,2025-05-20T09:31:14.0055943Z,,"lang:ru,rp:med"
2025-05-20T11:51:57.545497,ss14s://spacestories.club/universe,ğŸ“š Space Stories - Universe ğŸ‘©â€ğŸš€ [TTS],Omega,Ğ¡ĞµĞºÑ€ĞµÑ‚,20,130,1,19335,2025-05-20T10:48:22.2856738Z,"lang:ru,rp:med,region:eu_e",
2025-05-20T11:51:57.545497,ss14://78.46.46.169:1212/,ğŸŒ’ Project Eclipse - Ğ¤Ğ ĞĞĞ¢Ğ˜Ğ ! [TTS][18+] ğŸŒ’,ĞĞ²Ğ°Ğ½Ğ¿Ğ¾ÑÑ‚ Ğ¤Ñ€Ğ¾Ğ½Ñ‚Ğ¸Ñ€Ğ°,ĞŸĞ¸Ñ€Ğ°Ñ‚Ñ‹,12,100,1,51,2025-05-17T18:09:38.5142281Z,"18+,lang:ru,rp:med,region:eu_e",
2025-05-20T11:51:57.545497,ss14s://backmen.ru/ss14/main,ğŸ‘½ ĞœĞĞ Ğ¢Ğ’Ğ«Ğ™ ĞšĞĞ¡ĞœĞĞ¡ ğŸŒ† ĞšĞ¾Ğ½Ñ„ĞµĞ´ĞµÑ€Ğ°Ñ†Ğ¸Ñ [TTS][MRP],Federation Box,Ğ¡Ñ‚Ğ°Ğ½Ğ´Ğ°Ñ€Ñ‚Ğ½Ñ‹Ğ¹,26,90,1,14797,2025-05-20T11:30:04.4578829Z,"lang:ru,rp:med,region:eu_e,tts",
2025-05-20T11:51:57.545497,ss14s://shizainc.com/mapping_sunrise/,ğŸµï¸ğŸŒSUNRISE: ĞœĞĞŸĞŸĞ•Ğ Ğ¡ĞšĞ˜Ğ™ âšœï¸,Empty,Ğ¡ĞµĞºÑ€ĞµÑ‚,0,20,1,853,2025-05-18T10:24:41.5710626Z,"lang:ru,rp:low,rp:med,rp:high,region:eu_e,tts,sunrise",
2025-05-20T11:51:57.545497,ss14s://spacestories.club/core,ğŸ“š Space Stories - Marine Corps Core ğŸŒ [TTS],ĞĞ»Ğ¼Ğ°Ğ¹ĞµÑ€,Ğ¡Ğ¸Ğ³Ğ½Ğ°Ğ» Ğ±ĞµĞ´ÑÑ‚Ğ²Ğ¸Ñ,153,200,1,12819,2025-05-20T11:26:11.6028276Z,"lang:ru,rp:med,region:eu_e",
2025-05-20T11:51:57.545497,ss14s://arson.gg,[EN][SANDBOX] arson.gg | deepstation,Asterisk,Sandbox,0,20,1,88,2025-05-19T22:12:19.0737934Z,"sandbox,noevents,indev",lang:en
2025-05-20T12:21:13.650152,ss14://206.83.151.19:1212/,[EN][LRP] Owl Cafe Station,Saltern,DeathMatch,0,64,1,139,2025-05-20T08:37:19.4885822Z,"lang:en,region:am_n_c,rp:low",
2025-05-20T12:21:13.650152,ss14://88.97.251.110:21009/,[EN][MRP] Trieste Port ğŸŒŠğŸŒŠ,Trieste,Secret,0,80,1,895,2025-05-20T08:31:39.4929063Z,,"lang:en,rp:med"
2025-05-20T12:21:13.650152,ss14s://rmc.arson.gg,[EN][SANDBOX] arson.gg | rmc,Savannah,Sandbox,0,20,1,84,2025-05-20T05:55:56.7773729Z,"sandbox,noevents,indev",lang:en
2025-05-20T12:21:13.650152,ss14://109.230.215.13:1212/,[EN] Neix Free Role Server ??,,Secret,0,30,0,51,,#free,lang:en
2025-05-20T12:21:13.650152,ss14://civ13.com:1212,[EN] ğŸ° ğ•®ğ–ğ–›ğ–ğ–‘ğ–ğ–Ÿğ–†ğ–™ğ–ğ–”ğ–“ 14 âš”ï¸ğŸ›¡ï¸ (TDM),Camp (WW2),Team Deathmatch,4,256,1,136,2025-05-20T12:15:48.0816802Z,"region:eu_w,rp:med",lang:en
2025-05-20T12:21:13.650152,ss14://152.53.240.55:1212/,[EN][HRP][18+] Foxtrot Station,Pebble,Irregular Extended,0,64,1,121,2025-05-20T07:06:13.5202967Z,,"lang:en,18+,rp:high"
2025-05-20T12:21:13.650152,ss14://195.18.27.250:11219/,[MRP] Saiga13 ğŸ·,,Ğ¡ĞµĞºÑ€ĞµÑ‚,0,80,0,76,,"lang:ru,rp:med",
2025-05-20T12:21:13.650152,ss14s://stalkers14.xyz/server/stalker,â˜¢ï¸[New season started!] S.T.A.L.K.E.R. â˜£ï¸,StalkerMap,Ğ¡Ñ‚Ğ°Ğ»ĞºĞµÑ€,14,110,1,833,2025-05-20T11:40:05.7302572Z,"lang:ru,rp:high,region:eu_e,18+",
2025-05-20T12:21:13.650152,ss14s://opendream1.noodle.spacestation14.com/goon,OpenDream Goonstation Test Server,,,0,,,,,"lang:en,rp:none,opendream",
2025-05-20T12:21:13.650152,ss14://208.94.246.172:27090/,ğŸ’€gravestationğŸ’€| king kong in da trunk,,Secret,0,60,0,393,,"lang:en,rp:low,region:an_n_c,no_tag_infer",
2025-05-20T12:21:13.650152,ss14://51.77.65.4:25501/,! ĞŸĞ ĞĞšĞ›Ğ¯Ğ¢Ğ˜Ğ• 220 | MRP,Cute,Ğ¡ĞµĞºÑ€ĞµÑ‚,0,30,0,211,,"lang:ru,rp:med,region:eu_w,region:eu_e,region:as_n",
2025-05-20T12:21:13.650152,ss14s://ss14.smokeofanarchy.ru/sandbox,[RU][NRP]SMoke of Anarchy[Sandbox],Reach,Sandbox,9,64,1,2923,2025-05-20T11:26:01.8494807Z,"region:as_n,rp:none,lang:ru",
2025-05-20T12:21:13.650152,ss14://67.220.85.39:1224/,[EN] ğŸŒŸStarlightğŸŒŸ Mapping,Saltern,Greenshift,0,256,1,604,2025-05-20T10:47:53.6146281Z,"region:am_n_e,region:am_n_c,region:am_n_w,region:am_c,region:eu_w,lang:en,rp:med",
2025-05-20T12:21:13.650152,ss14://92.124.130.159:1216/,â„ï¸[RP][RU][18+] Siberia Frontier â„ï¸,Frontier Outpost,New Frontier Adventure Mode,0,60,1,1612,2025-05-16T12:59:05.9923252Z,,"lang:ru,18+"
2025-05-20T12:21:13.650152,ss14s://opendream1.noodle.spacestation14.com/server,OpenDream Paradise Test Server,,,0,,,,,"lang:en,rp:none,opendream",
2025-05-20T12:21:13.650152,ss14://twostations.ru,[RU][MRP]ğŸ›° Ğ”Ğ²Ğµ Ğ¡Ñ‚Ğ°Ğ½Ñ†Ğ¸Ğ¸ | Ğ’Ğ°Ñˆ Ğ»ÑƒÑ‡ÑˆĞ¸Ğ¹ ÑĞºÑĞ¿Ğ¸Ñ€Ğ¸ĞµĞ½Ñ Ğ² Ñ€Ğ¿!,Delta Station,Ğ¡ĞµĞºÑ€ĞµÑ‚,0,70,1,53,2025-05-15T16:13:30.0341006Z,"lang:ru,region:eu_e,rp:med",
2025-05-20T12:21:13.650152,ss14s://server.ss14.org/ussp/,ğŸš€â˜­ USSP STATION: Ğ›Ğ•ĞĞ˜ĞĞ“Ğ ĞĞ” [TTS][Ğ¡Ğ¡Ğ¡ĞŸ] ğŸŒŒ,,Ğ¡ĞµĞºÑ€ĞµÑ‚,0,130,0,23,,"lang:ru,rp:low,rp:med,rp:high,region:eu_e,tts,sunrise",
2025-05-20T12:21:13.650152,ss14://ss14.sich.me:3535,[UA]ğŸŸ¦ğŸŸ¦ğŸŸ¨ğŸŸ¨ ĞšĞĞ¡ĞœĞĞ”Ğ•Ğ¡ĞĞĞ¢ Ğ¡iĞ§ [Ğ±ĞµĞ· Ğ¾ĞºÑƒĞ¿Ğ°Ğ½Ñ‚Ñ–Ğ²] - https://sich.me,Ğ¡Ğ°Ğ²Ğ°Ğ½Ğ½Ğ°,Ğ¡Ğ¸Ğ³Ğ½Ğ°Ğ» Ğ›Ğ¸Ñ…Ğ°,2,100,1,17386,2025-05-20T12:04:29.9053408Z,"lang:uk,region:eu_e,rp:med",
2025-05-20T12:21:13.650152,ss14://mineira.rbertoche.tec.br:1215,[PT] EstaÃ§Ã£o Mineira / Dungeon Dig - Pirata,,,0,30,1,,2025-05-05T16:00:26.0616595Z,"lang:pt,rp:med,region:am_s_e",
2025-05-20T12:21:13.650152,ss14s://alpha.goobstation.com,Goob Alpha á´‡á´œ-á´¡ | I'm going to make my own server with blackjack and tiders.,Reach,Extended,8,85,1,16949,2025-05-20T11:48:01.0244632Z,"lang:en,rp:low,region:eu_w",
2025-05-20T12:21:13.650152,ss14://ss14.sich.me:3434,[UA][MRP]ğŸŸ¦ğŸŸ¦ğŸŸ¨ğŸŸ¨ Ğ¡iĞ§ Ğ£ĞšĞ ĞĞ‡ĞĞ¡Ğ¬ĞšĞĞ® | ğŸ—ºï¸ Omega | ğŸ² Greenshift | Ñ€Ğ°ÑƒĞ½Ğ´ â„–17376,Omega,Greenshift,0,100,1,17376,2025-05-20T01:18:51.9818874Z,"lang:uk,region:eu_e,rp:med",
2025-05-20T12:21:13.650152,ss14s://server.opendre.am/tg,OpenDream /tg/station Test Server,,,0,,,,,"lang:en,rp:none,opendream",
2025-05-20T12:21:13.650152,ss14://hypatia.frontierstation14.com:1212,[EN][MRP] Frontier | Hypatia [US 1],Frontier Outpost,Pirates,36,100,1,3783,2025-05-20T03:20:45.5964064Z,"lang:en,rp:med,region:am_n_e",
2025-05-20T12:21:13.650152,ss14://85.192.49.3:1212/,ğŸ‰ĞœĞ˜ĞĞ˜-Ğ¡Ğ¢ĞĞĞ˜Ğ¯[ĞœĞ ĞŸ][Ğ Ğ£][Ğ¢Ğ¢Ğ¡],NTVG ĞŸĞ°ĞºĞµÑ‚,Ğ Ğ°ÑÑˆĞ¸Ñ€ĞµĞ½Ğ½Ñ‹Ğ¹,19,100,1,1053,2025-05-20T11:02:41.8359016Z,"region:eu_w,lang:ru",
2025-05-20T12:21:13.650152,ss14s://sigma.goobstation.com,Goob Sigma á´‡á´œ-á´¡ | Now with 65% more antags!,Origin,The Guide,71,85,1,16950,2025-05-20T12:04:28.8762165Z,"lang:en,rp:low,region:eu_w",
2025-05-20T12:21:13.650152,ss14://62.148.140.57:1212/,ğŸª FLX-PROJECT â€” Cosmi Station ğŸ’« [18+],Meta Station,Ğ Ğ°ÑÑˆĞ¸Ñ€ĞµĞ½Ğ½Ñ‹Ğ¹,3,50,1,146,2025-05-20T11:10:17.2403441Z,"rp:med,lang:ru,18+",
2025-05-20T12:21:13.650152,ss14://play.funkystation.org:1214,[EN][MRP] Funky Station - Marisa (Open on Weekends),,Secret,0,150,0,6017,,"lang:en,region:am_n_e,rp:low",
2025-05-20T12:21:13.650152,ss14://ff.deadspace14.net:1214,ğŸ‘½ ĞœĞĞ Ğ¢Ğ’Ğ«Ğ™ ĞšĞĞ¡ĞœĞĞ¡ ğŸŒ  Ğ¤Ñ€Ğ¾Ğ½Ñ‚Ğ¸Ñ€ [Ğ‘Ğ•Ğ¢Ğ][TTS],Ğ¤Ñ€Ğ¾Ğ½Ñ‚Ğ¸Ñ€,ĞŸÑ€Ğ¸ĞºĞ»ÑÑ‡ĞµĞ½Ğ¸Ğµ Ğ½Ğ° Ğ½Ğ¾Ğ²Ğ¾Ğ¼ Ğ¤Ñ€Ğ¾Ğ½Ñ‚Ğ¸Ñ€Ğµ,50,100,1,33237,2025-05-20T04:32:26.4683797Z,"lang:ru,rp:high,rp:med,region:eu_e,tts",
2025-05-20T12:21:13.650152,ss14://178.156.140.40:1212/,â˜¢ï¸S.T.A.L.K.E.R. [EN Test] â˜£ï¸,StalkerMap,Stalker,0,80,1,30,2025-05-20T01:03:26.8356624Z,"lang:en,rp:med,region:am_n_e",
2025-05-20T12:21:13.650152,ss14://185.186.25.183:1213,[LRP-] [EN] Klovnstation 14,Saltern,Secret,0,80,1,189,2025-05-20T09:48:14.3751602Z,"lang:en,region:eu_e,rp:none",
2025-05-20T12:21:13.650152,ss14s://lizard.spacestation14.io/salamander,[EN][MRP] Wizard's Den Salamander [US West],Packed,Secret,14,80,1,84359,2025-05-20T12:08:05.1281843Z,"lang:en,region:am_n_w,rp:med",
2025-05-20T12:21:13.650152,ss14s://game1.station14.ru/marines-main/server,ğŸ›°ï¸ Corvax â€” Colonial Marines ğŸŒ,David,Ğ¡Ğ¸Ğ³Ğ½Ğ°Ğ» Ğ±ĞµĞ´ÑÑ‚Ğ²Ğ¸Ñ,20,100,1,16438,2025-05-20T11:56:12.2038752Z,"lang:ru,rp:med,region:eu_e",
2025-05-20T12:21:13.650152,ss14s://game1.station14.ru/nebula/server,ğŸ›°ï¸ Corvax â€” ĞĞµĞ±ÑƒĞ»Ğ° âœ¨[Ğ”Ğ›Ğ¯ ĞĞĞ’Ğ˜Ğ§ĞšĞĞ’],Omega,Ğ¡ĞµĞºÑ€ĞµÑ‚,1,50,1,83404,2025-05-20T10:40:11.2671959Z,"lang:ru,rp:low,rp:med,region:eu_e",
2025-05-20T12:21:13.650152,ss14://37.27.103.62:1212,[18+][RU][MRP+] ğŸŒŒ VoidSector - ĞŸĞ¾ÑÑ€ĞµĞ´Ğ¸ ĞŸÑƒÑÑ‚Ğ¾Ñ‚Ñ‹! ğŸŒŒ,Omega,Ğ Ğ°ÑÑˆĞ¸Ñ€ĞµĞ½Ğ½Ñ‹Ğ¹,5,100,1,2814,2025-05-20T11:22:36.4882489Z,"lang:ru,region:eu_e,rp:med,18+",
2025-05-20T12:21:13.650152,ss14s://spacestories.club/flux,ğŸ“š Space Stories - Marine Corps Flux ğŸŒ‘ [TTS],ĞĞ»Ğ¼Ğ°Ğ¹ĞµÑ€,Ğ¡Ğ¸Ğ³Ğ½Ğ°Ğ» Ğ±ĞµĞ´ÑÑ‚Ğ²Ğ¸Ñ,16,100,1,12820,2025-05-20T12:16:40.3533006Z,"lang:ru,rp:med,region:eu_e",
2025-05-20T12:21:13.650152,ss14://ss14-starlight-alfa.online,[EN][MRP-]ğŸŒŸStarlightğŸŒŸ - Alfa [TTS],Lobster Station,Secret,73,500,1,6345,2025-05-20T10:17:18.0490406Z,"region:am_n_e,region:am_n_c,lang:en,rp:med",
2025-05-20T12:21:13.650152,ss14://spacedream.qeqk.ru,ğŸŒ•Space Dream [MRP-HRP][18+][RU]ğŸŒ‘,Box Station,Ğ¡ĞµĞºÑ€ĞµÑ‚,28,100,1,587,2025-05-20T12:19:41.5664807Z,[MRP][18+][RU][as_n],"lang:ru,18+"
2025-05-20T12:21:13.650152,ss14s://regalis.goobstation.com,ê§áƒ¦âŠ±â™¥ ğ’¢ğ‘œğ‘œğ’· ğ“¡ğ“®ğ“°ğ“ªğ“µğ“²ğ“¼ ğ‘€ğ‘…ğ’« â™¥âŠ±áƒ¦ê§‚ É´á´€-á´¡,ShÅkÅ,Secret,20,85,2,2915,2025-05-20T10:11:09.3086221Z,"lang:en,rp:med,region:am_n_w",
2025-05-20T12:21:13.650152,ss14://game.floofstation.com,[EN][MRP][18+] Floof Station - Nova,Hammurabi,Secret,33,120,1,2975,2025-05-20T07:05:58.0702198Z,"18+,lang:en,region:am_n_w,rp:med",
2025-05-20T12:21:13.650152,ss14://67.220.85.39:1248/,[EN][MRP+]ğŸŒŸStarlightğŸŒŸ - Beta [TTS],Packed,Traitor,6,65,1,6347,2025-05-20T11:35:59.8484508Z,"region:am_n_e,region:am_n_c,lang:en,rp:med",
2025-05-20T12:21:13.650152,ss14://station-enterprise.space:1212,[RU][MRP]â­ï¸Enterprise - Main,Marathon Station,Ğ Ğ°ÑÑˆĞ¸Ñ€ĞµĞ½Ğ½Ñ‹Ğ¹,0,50,1,838,2025-05-19T19:26:27.5435765Z,"lang:ru,rp:med,region:eu_e",
2025-05-20T12:21:13.650152,ss14://140.238.186.133:1212/,[BR][PT] Nuclear 14 - Pirata,Sunnyvale,Extended,0,30,1,382,2025-05-14T18:05:04.1820707Z,"rp:med,lang:pt,region:am_s_e",
2025-05-20T12:21:13.650152,ss14://51.222.104.120:1213/,Space Station 14 Server,Elkridge Depot,Secret,0,30,1,32,2025-05-19T17:31:33.1745424Z,,
2025-05-20T12:21:13.650152,ss14s://game1.station14.ru/wl/server,ğŸ›°ï¸ Corvax â€” Ğ’Ğ°Ğ¹Ñ‚Ğ»Ğ¸ÑÑ‚ â˜•[TTS],Tushkan,Ğ¡ĞµĞºÑ€ĞµÑ‚,0,70,1,5940,2025-05-20T09:04:27.0950965Z,"lang:ru,rp:high,region:eu_e,tts",
2025-05-20T12:21:13.650152,ss14s://corvaxforge.ru/server/kaif/,Kaif Station 18+ğŸ˜ - Ğ¡Ğ¼ĞµÑˆĞ½ĞµĞµ ÑƒĞ¶Ğµ Ğ½Ğµ Ğ±ÑƒĞ´ĞµÑ‚ğŸ˜ [NO-TTS],Reach,Ğ¡ĞµĞºÑ€ĞµÑ‚,0,35,1,650,2025-05-19T17:00:31.5573356Z,"lang:ru,rp:high,region:eu_e,18+",
2025-05-20T12:21:13.650152,ss14://93.127.158.89:1212/,[FR] Nova Base,Reach,Secret,0,30,1,136,2025-05-19T23:41:35.9121725Z,"lang:fr,rp:low,region:eu_w",
2025-05-20T12:21:13.650152,ss14://node11.hexacluster.me:27000,[EN][LRP+] Ronstation,,Secret,12,64,1,6749,2025-05-20T11:13:51.8085175Z,,lang:en
2025-05-20T12:21:13.650152,ss14s://main.luaworld.ru,ğŸŒŒ[RU] LuaWorld Frontier 18+,Ğ¡ĞµĞºÑ‚Ğ¾Ñ€ Ğ¤Ñ€Ğ¾Ğ½Ñ‚Ğ¸Ñ€,Pirates,30,60,1,167,2025-05-18T21:05:21.2594363Z,"lang:ru,rp:high,rp:med,region:eu_e,tts,18+",
2025-05-20T12:21:13.650152,ss14s://corvaxforge.ru/server/fallout/,ğŸŒ€ Corvax â€” FALLOUT ğŸŒ€,Snowyvale,Ğ Ğ°ÑÑˆĞ¸Ñ€ĞµĞ½Ğ½Ñ‹Ğ¹,37,120,1,2707,2025-05-20T10:05:36.1640296Z,"lang:ru,rp:med,region:eu_e",
2025-05-20T12:21:13.650152,ss14://ms14game.notafet.net:1213,Mining Station 14,,,0,15,1,,2025-05-19T00:47:53.5520522Z,"lang:en,rp:med,region:am_n_w",
2025-05-20T12:21:13.650152,ss14://159.69.189.132:1212/,[DE][LRP] RAUMSTATION VIERZEHN [EU West],Reach,Secret,0,69,2,27,2025-05-18T12:40:34.2663950Z,"lang:en,rp:low,beginnerfriendly,region:eu_w",
2025-05-20T12:21:13.650152,ss14s://aurum.goobstation.com,ê§áƒ¦âŠ±â™¥ ğ’¢ğ‘œğ‘œğ’· ğ“ğ“¾ğ“»ğ“¾ğ“¶ ğ‘€ğ‘…ğ’« â™¥âŠ±áƒ¦ê§‚ á´‡á´œ-á´¡,ShÅkÅ,Survival,0,85,1,2916,2025-05-20T10:40:15.0991512Z,"lang:en,rp:med,region:eu_w",
2025-05-20T12:21:13.650152,ss14s://game1.station14.ru/solaris/server,ğŸ›°ï¸ Corvax â€” Ğ¡Ğ¾Ğ»ÑÑ€Ğ¸Ñ ğŸŒ•âš¡[TTS][NEXT],NTRK ĞĞ¼ĞµĞ³Ğ°,Ğ¡ĞµĞºÑ€ĞµÑ‚,1,115,1,83419,2025-05-20T11:12:26.6454347Z,"lang:ru,rp:med,region:eu_e,tts",
2025-05-20T12:21:13.650152,ss14s://apoapsis.deltav.gay,[EN][MRP] Delta-v (Î¨) | Apoapsis [US East 1],Glacier,Secret,38,80,1,21870,2025-05-20T11:43:10.7911358Z,"lang:en-US,region:am_n_e,rp:med,no_tag_infer",
2025-05-20T12:21:13.650152,ss14s://server.ss14.org/paradise,ğŸï¸ PROJECT PARADISE ğŸ”¥[MRP+][TTS][18+],Packed,Ğ¡ĞµĞºÑ€ĞµÑ‚,6,80,1,397,2025-05-20T11:29:57.2741725Z,"lang:ru,rp:low,rp:med,rp:high,region:eu_e,tts,erp",18+
2025-05-20T12:21:13.650152,ss14://rss14.ru:1212,[RU][LRP]ğŸŒ  Radium - Ğ“ĞµĞ½Ğ¾ĞºÑ€Ğ°Ğ´Ñ‹! | Ğ¡Ğ²Ğ¾Ğ¹ ĞºĞ¾Ğ½Ñ‚ĞµĞ½Ñ‚! | Ğ˜Ğ´Ñ‘Ñ‚ Ñ€Ğ°ÑƒĞ½Ğ´ Ğ½Ğ° Omega!,Omega,Ğ“Ñ€Ğ¸Ğ½ÑˆĞ¸Ñ„Ñ‚,0,64,1,3930,2025-05-20T08:34:08.1431084Z,region:eu_e,"lang:ru,rp:low"
2025-05-20T12:21:13.650152,ss14://ms14game.notafet.net:1216,[RU] Ğ¨Ğ°Ñ…Ñ‚Ñ‘Ñ€ÑĞºĞ°Ñ Ğ¡Ñ‚Ğ°Ğ½Ñ†Ğ¸Ñ 14,,,0,15,1,,2025-05-19T16:30:37.9322135Z,"lang:ru,rp:med,region:am_n_w",
2025-05-20T12:21:13.650152,ss14://88.211.249.76:1212/,Hosted by Pingperfect.com,,Secret,0,30,0,7,,,
2025-05-20T12:21:13.650152,ss14s://ludere.ss14.su/amour,ğŸ‘  Parsec â€” Amour [18+] [TTS],Bagel Station,Ğ¡ĞµĞºÑ€ĞµÑ‚,17,70,1,8812,2025-05-20T12:05:58.0638340Z,"lang:ru,region:eu_e,rp:low,rp:med,rp:high",18+
2025-05-20T12:21:13.650152,ss14s://arles.station14.ru/wega-main/server,ğŸŒŸ Corvax â€” Ğ’ĞµĞ³Ğ° ğŸŒŸ[TTS][18+],Kerberos Station,Ğ¡ĞµĞºÑ€ĞµÑ‚,64,100,1,2062,2025-05-20T11:26:40.7793326Z,"lang:ru,rp:low,rp:med,region:eu_e,tts,18+",
2025-05-20T12:21:13.650152,ss14://31.14.17.169:1212/,[UA][MRP]ğŸ’™ğŸ’› ĞŸÑ–Ñ€Ğ°Ñ‚Ğ¸ Ğ· Ğ¢Ñ€Ğ¾Ñ”Ñ‰Ğ¸Ğ½Ğ¸ ğŸ’™ğŸ’› | ğŸ—ºï¸ĞšĞ»Ğ°ÑÑ‚ĞµÑ€ ğŸ® ĞŸÑ–ÑĞ¾Ñ‡Ğ½Ğ¸Ñ†Ñ â³ 1Ğ³ 33Ñ…Ğ² | 5191,ĞšĞ»Ğ°ÑÑ‚ĞµÑ€,ĞŸÑ–ÑĞ¾Ñ‡Ğ½Ğ¸Ñ†Ñ,3,50,1,5191,2025-05-20T10:47:37.8670204Z,"region:eu_e,lang:uk,rp:med",
2025-05-20T12:21:13.650152,ss14s://game1.station14.ru/main/server,ğŸ›°ï¸ Corvax â€” ĞœĞµĞ¹Ğ½ ğŸš€âš¡[TTS][NEXT],NTVG ĞŸĞ°ĞºĞµÑ‚,Ğ“Ñ€Ğ¸Ğ½ÑˆĞ¸Ñ„Ñ‚,0,105,1,83423,2025-05-20T12:17:09.5980629Z,"lang:ru,rp:low,rp:med,region:eu_e,tts",
2025-05-20T12:21:13.650152,ss14://94.243.231.112:1212/,[RU][18+] ğŸ‘»Freaky Station14ğŸ‘»[IN DEV],Saltern,Ğ¡ĞµĞºÑ€ĞµÑ‚,3,30,1,172,2025-05-20T12:00:27.6172429Z,"lang:ru,18+",
2025-05-20T12:21:13.650152,ss14s://frontier.arson.gg,[EN][SANDBOX] arson.gg | frontier,Frontier Outpost,Sandbox,0,20,0,151,,"sandbox,noevents,indev",lang:en
2025-05-20T12:21:13.650152,ss14s://server.scyllastation.com,Scylla Stationâ‚â‚ˆâ‚Š,Reach,Extended,0,85,1,26,2025-05-16T22:57:58.1546506Z,"lang:en,rp:med,region:eu_w,18+",
2025-05-20T12:21:13.650152,ss14://94.130.218.183:1212,[EN] Trouble in Goobtown (SSS),Reach,Suspicion,0,30,1,9030,2025-05-20T03:37:47.6609236Z,"lang:en,rp:low,rp:none,region:eu_w",
2025-05-20T12:21:13.650152,ss14://67.220.85.39:1260/,[EN] [MRP] Trieste Port 14,,Secret,0,30,0,7,,"region:am_n_e,region:am_n_c,lang:en,rp:med",
2025-05-20T12:21:13.650152,ss14://85.192.48.255:1213/,[WL][Frontier] ğŸŠ pacable station ğŸŠ,ĞĞ²Ğ°Ğ½Ğ¿Ğ¾ÑÑ‚ Ğ¤Ñ€Ğ¾Ğ½Ñ‚Ğ¸Ñ€Ğ°,Pirates,5,50,1,94,2025-05-18T20:22:14.4005560Z,,
2025-05-20T12:21:13.650152,ss14s://avalon.pikachu.systems/pong,[NoLang][NRP] Robust Pong (Avali) Wait how long can a hostname be? Is there a limit? So i just tested there is no limit so im gonna keep writing random stuff just cause I feel a little silly today. Xenia is a really cool fox IMO [The Moon]           Oh hey you got to see this part of the name you probably have an over 1080p monitor. You are quite rich... or you just /status my address which is cool as well. Did you know i have two main sonas right now? One being a pikachu and the other an avali? I have started using my avali a bit more as of recently but my pikachu is still pretty cute. Also originally i was gonna name this Wizard's Den Skug for the meme since pjb told me that it wont happen but when i found out theres no limit to the hostname i just had to do this. You got quite the long monitor godamn... no at this point you definetly used the /status http api on the server. Ok update the limit is 1024 ha.... Follow me on mastadon tech.lgbt/@VasilisTheChu and maybe shoot me a dm that you found it from here.,,,0,,,,,"lang:en,lang:ru,rp:none,region:luna,amongus",
2025-05-20T12:21:13.650152,ss14://74.91.123.38:1212/,[EN] ERT: Distress Call [US East],,Secret,1,81,1,70,2025-05-17T00:22:37.0959743Z,"lang:en,region:am_n_e,rp:low",
2025-05-20T12:21:13.650152,ss14://185.97.255.17:1294,ğŸ‘½ ĞœĞĞ Ğ¢Ğ’Ğ«Ğ™ ĞšĞĞ¡ĞœĞĞ¡ ğŸ’– Ğ­Ñ€Ğ¸Ğ´Ğ° [TTS][+18],,Ğ¡ĞµĞºÑ€ĞµÑ‚,34,100,0,177,,"lang:ru,rp:med,region:eu_e,tts,18+",
2025-05-20T12:21:13.650152,ss14://104.243.34.95:1212,[EN][MRP] Rouny's Marine Corps Alamo [US East],Almayer,Distress Signal,107,350,1,5154,2025-05-20T11:07:27.3855930Z,"lang:en,region:am_n_e,rp:med",
2025-05-20T12:21:13.650152,ss14://arcadis.node-oheir.simplestation.org:26310,{Â§} Arcadis Station,Saltern,Extended,0,48,1,402,2025-05-11T22:17:54.6676755Z,,
2025-05-20T12:21:13.650152,ss14://play.funkystation.org,[EN][MRP] Funky Station - Cirno,Omega,Secret,17,80,1,6030,2025-05-20T10:09:13.6423937Z,"lang:en,region:am_n_e",rp:med
2025-05-20T12:21:13.650152,ss14://138.124.114.65:1212/,[RU] Corvax - Force,,Ğ¡ĞµĞºÑ€ĞµÑ‚,0,80,0,344,,,lang:ru
2025-05-20T12:21:13.650152,ss14://193.164.16.220:1216,[RU] ğŸ¦… Imperial Space | Whitelist | Ğ¡Ğ¾Ğ·Ğ²ĞµĞ·Ğ´Ğ¸Ğµ ĞĞºĞ¸Ğ»Ğ°,Twinkle Station,Ğ’ÑÑ‘ Ğ² Ğ¾Ğ´Ğ½Ğ¾Ğ¼,12,40,1,57651,2025-05-20T11:53:26.7984444Z,,lang:ru
2025-05-20T12:21:13.650152,ss14://121.127.37.49:1212,[RU][MRP]â­ï¸Enterprise - Main [ĞŸĞ•Ğ Ğ•Ğ•Ğ¥ĞĞ›Ğ˜ ĞĞ ĞĞĞ’Ğ«Ğ™ Ğ¥ĞĞ¡Ğ¢Ğ˜ĞĞ“|ss14://station-enterprise.space:1212],Cluster,ĞŸĞµÑĞ¾Ñ‡Ğ½Ğ¸Ñ†Ğ°,0,5,1,774,2025-05-18T03:30:50.3931845Z,"lang:ru,rp:med,region:eu_e",
2025-05-20T12:21:13.650152,ss14s://ludere.ss14.su/totalwar,âœŠ Total War [TTS],,ĞŸÑ€Ğ¾Ğ´Ğ»Ñ‘Ğ½Ğ½Ñ‹Ğ¹,0,70,0,175,,"lang:ru,region:eu_e,rp:low,rp:med,rp:high",
2025-05-20T12:21:13.650152,ss14s://leviathan.spacestation14.com/vulture,[EN][Testing] Wizard's Den Vulture [US East 2],Omega,Secret,27,80,1,84360,2025-05-20T12:16:03.8994641Z,"lang:en,region:am_n_e,rp:low",
2025-05-20T12:21:13.650152,ss14s://remisk.remstations.com,[EN][LRP]Rem Station [US East 1],Reach,Secret,1,80,1,73,2025-05-20T11:33:15.2377057Z,"region:ata,region:grl,region:am_n_e,region:luna,rp:low,lang:en",
2025-05-20T12:21:13.650152,ss14s://stalkers14.xyz/server/victoria,[MRP][RU]âšœï¸Victoria - Ğ¾Ğ¿Ğ»Ğ¾Ñ‚ Ğ¸ÑÑ‚Ğ¾Ñ€Ğ¸Ğ¸ Ğ²ÑĞµĞ»ĞµĞ½Ğ½Ğ¾Ğ¹,Silly Island,Ğ¡ĞµĞºÑ€ĞµÑ‚,1,100,1,290,2025-05-19T19:10:01.6986122Z,"lang:ru,rp:med,region:eu_e",
2025-05-20T12:21:13.650152,ss14://108.18.250.225:1212/,[EN]Bald Station [LRP] [US East],Pebble,Hellshift,2,64,1,299,2025-05-20T00:51:03.9017409Z,"lang:en,region:am_n_e,rp:low",
2025-05-20T12:21:13.650152,ss14://game.ac.blue-creature.com:1212,[18+][RU][MRP][ERP] ğŸª AlphaCentauri | ĞĞ»ÑŒÑ„Ğ°Ğ¦ĞµĞ½Ñ‚Ğ°Ğ²Ñ€Ğ°,,Ğ¡ĞµĞºÑ€ĞµÑ‚,0,70,0,2272,,"18+,lang:ru,rp:med",
2025-05-20T12:21:13.650152,ss14s://station.legacyofparadise.space/frontier/,ğŸš€ Legacy of Paradise - Frontier ğŸ§ [18+][TTS],ĞĞ²Ğ°Ğ½Ğ¿Ğ¾ÑÑ‚,ĞŸĞ¸Ñ€Ğ°Ñ‚Ñ‹,13,111,1,124,2025-05-20T12:13:57.0260571Z,"18+,lang:ru,region:eu_e,rp:med",
2025-05-20T12:21:13.650152,ss14://f1.deadspace14.net:1212,ğŸ‘½ ĞœĞĞ Ğ¢Ğ’Ğ«Ğ™ ĞšĞĞ¡ĞœĞĞ¡ ğŸš€ Ğ¤Ğ¾Ğ±Ğ¾Ñ [TTS],DS Box Station,Ğ‘Ğ»Ğ¾Ğ±,123,120,1,33252,2025-05-20T12:10:47.2394890Z,"lang:ru,rp:med,region:eu_e,tts",
2025-05-20T12:21:13.650152,ss14://fronteira.rbertoche.tec.br:1213,[BR][PT][MRP] Fronteira - Pirata,Frontier Outpost,New Frontier Adventure Mode,0,60,1,802,2025-05-20T04:36:34.8276263Z,"rp:med,lang:pt,region:am_s_e",
2025-05-20T12:21:13.650152,ss14://f2.deadspace14.net:1213,ğŸ‘½ ĞœĞĞ Ğ¢Ğ’Ğ«Ğ™ ĞšĞĞ¡ĞœĞĞ¡ ğŸš€ Ğ¢Ğ¸Ñ‚Ğ°Ğ½ [TTS],Plasma Station,Ğ Ğ°ÑÑˆĞ¸Ñ€ĞµĞ½Ğ½Ñ‹Ğ¹,56,90,1,33249,2025-05-20T11:31:28.8544147Z,"lang:ru,rp:high,rp:med,region:eu_e,tts",
2025-05-20T12:21:13.650152,ss14s://periapsis.deltav.gay,[EN][MRP] Delta-v (Î¨) | Periapsis [US East 2],Chibi,Secret,0,50,1,21869,2025-05-20T10:50:28.4456936Z,"lang:en-US,region:am_n_e,rp:med,no_tag_infer",
2025-05-20T12:21:13.650152,ss14s://horizon.deltav.gay,[EN][MRP] Delta-v (Î¨) | Horizon [US East 3],ByÅin,Secret,0,80,1,21871,2025-05-20T11:58:11.1618774Z,"lang:en-US,region:am_n_e,rp:med,no_tag_infer",
2025-05-20T12:21:13.650152,ss14://187.120.181.58:1212/,[EN][LRP][SA East] Section One,Reach,Secret,0,45,1,84,2025-05-17T20:44:12.8956050Z,"lang:en,rp:low,region:am_s_e",
2025-05-20T12:21:13.650152,ss14s://game1.station14.ru/athara/server,ğŸ›°ï¸ Corvax â€” ĞÑ‚Ğ°Ñ€Ğ° ğŸŒŒâš¡[TTS][NEXT],,Ğ¡ĞµĞºÑ€ĞµÑ‚,67,75,0,83424,,"lang:ru,rp:med,region:eu_e,tts",
2025-05-20T12:21:13.650152,ss14s://ss14.mira-sector.xyz,Mira Sector [Surgery/Malf AI] [EU West],Atlas,Secret,0,80,1,1458,2025-05-19T20:24:36.2207397Z,"lang:en,rp:low,region:eu_w",
2025-05-20T12:21:13.650152,ss14s://corvaxforge.ru/server/frontier,ğŸŒ€ Corvax â€” Frontier ğŸŒ€,ĞĞ²Ğ°Ğ½Ğ¿Ğ¾ÑÑ‚ Ğ¤Ñ€Ğ¾Ğ½Ñ‚Ğ¸Ñ€Ğ°,Pirates,16,100,1,1457,2025-05-20T07:04:06.8182805Z,"lang:ru,rp:med,region:eu_e",
2025-05-20T12:21:13.650152,ss14://23.88.54.250:1212/,[EN][LRP] Spirit Station [EU West],Amber,Secret,0,80,1,241,2025-05-18T16:53:16.3444152Z,"lang:en,region:eu_w,rp:low",
2025-05-20T12:21:13.650152,ss14://f3.deadspace14.net:1216,ğŸ‘½ ĞœĞĞ Ğ¢Ğ’Ğ«Ğ™ ĞšĞĞ¡ĞœĞĞ¡ ğŸš€ Ğ”ĞµĞ¹Ğ¼Ğ¾Ñ [TTS],Bagel Station,Ğ’Ñ‹Ğ¶Ğ¸Ğ²Ğ°Ğ½Ğ¸Ğµ,36,90,1,33250,2025-05-20T11:37:51.1193515Z,"lang:ru,rp:med,region:eu_e,tts",
2025-05-20T12:21:13.650152,ss14://adven.space:1212,â˜€ Adventure Space - Ğ˜Ğ»Ğ¸Ğ°Ğ´Ğ°! ĞŸĞ¾Ğ¼Ğ¾Ñ‰ÑŒ Ğ½Ğ¾Ğ²Ğ¸Ñ‡ĞºĞ°Ğ¼! ĞĞ¾Ğ²Ñ‹Ğµ Ğ¼ĞµÑ…Ğ°Ğ½Ğ¸ĞºĞ¸! [TTS],Silly Island,Ğ Ğ°ÑÑˆĞ¸Ñ€ĞµĞ½Ğ½Ñ‹Ğ¹,4,100,1,8401,2025-05-20T11:28:50.8526840Z,"lang:ru,rp:lrp,region:eu_e",
2025-05-20T12:21:13.650152,ss14://83.138.55.215:1215/,[UA] ğŸ’™ğŸ’› Ğ¢Ñ€Ğ¾Ñ”Ñ‰Ğ¸Ğ½ÑÑŒĞºÑ– ĞÑ€Ñ…Ñ–Ñ‚ĞµĞºÑ‚Ğ¾Ñ€Ğ¸ ğŸ’™ğŸ’›,ĞÑ‚Ğ»Ğ°Ñ,ĞŸĞ¾Ğ´Ğ¾Ğ²Ğ¶ĞµĞ½Ğ¸Ğ¹,1,0,1,2982,2025-05-20T11:42:44.2860622Z,"region:eu_e,lang:uk,rp:low",
2025-05-20T12:21:13.650152,ss14://s3.ss220.club:1214,[RU][TTS] SS220 Sagittarius âœ…,NSS Frankenstein,Ğ¡ĞµĞºÑ€ĞµÑ‚,2,85,1,21722,2025-05-20T07:17:39.6867381Z,,lang:ru
2025-05-20T12:21:13.650152,ss14s://io.arcadiastation.org/,[18+]Arcadia Station (â™ƒ) Io,Reach,Secret,0,99,1,93,2025-05-13T12:55:47.5769866Z,"18+,lang:en-US,region:am_na_e,no_tag_infer",
2025-05-20T12:21:13.650152,ss14://arumoon.starshine.club:1212,[RU][LRP] Starshine Ğ¸Ğ¼. Aru Moon,Lighthouse,Ğ Ğ°ÑÑˆĞ¸Ñ€ĞµĞ½Ğ½Ñ‹Ğ¹,2,40,1,11687,2025-05-20T10:57:53.4482427Z,"lang:ru,rp:low,region:eu_e",
2025-05-20T12:21:13.650152,ss14s://funky.arson.gg,[EN][SANDBOX] arson.gg | funkystation,Reach,Sandbox,0,20,1,237,2025-05-19T19:19:04.5828100Z,"sandbox,noevents,indev",lang:en
2025-05-20T12:21:13.650152,ss14s://vanilla.arson.gg,[EN][SANDBOX] arson.gg | vanilla,,Sandbox,0,20,0,489,,"sandbox,noevents,indev",lang:en
2025-05-20T12:21:13.650152,ss14://s1.deadspace14.net:1215,ğŸ‘½ ĞœĞĞ Ğ¢Ğ’Ğ«Ğ™ ĞšĞĞ¡ĞœĞĞ¡ ğŸš© Ğ¡Ğ¾ÑĞ·-1 [TTS],Cluster Station,Ğ Ğ°ÑÑˆĞ¸Ñ€ĞµĞ½Ğ½Ñ‹Ğ¹,6,70,1,33253,2025-05-20T12:14:19.8609595Z,"lang:ru,rp:high,rp:med,region:eu_e,tts",
2025-05-20T12:21:13.650152,ss14://193.164.16.220:1214,[RU] ğŸ¦… Imperial Space | Ğ¡Ğ¾Ğ·Ğ²ĞµĞ·Ğ´Ğ¸Ğµ Ğ¦ĞµÑ„ĞµĞ¹ | ĞĞ±Ğ½Ğ¾Ğ²Ğ»ĞµĞ½Ğ¸Ğµ 2.0!,Box Station,Ğ¡ĞµĞºÑ€ĞµÑ‚,32,100,1,57650,2025-05-20T11:37:30.1321776Z,,lang:ru
2025-05-20T12:21:13.650152,ss14s://lizard.spacestation14.io/server,[EN] Wizard's Den Lizard [US West],Marathon Station,Secret,80,80,1,84357,2025-05-20T10:51:59.7942274Z,"lang:en,region:am_n_w,rp:low",
2025-05-20T12:21:13.650152,ss14://104.243.34.8:1213/,JhapStation,Reach,DeathMatch,0,30,1,39,2025-05-14T16:56:55.6332913Z,,
2025-05-20T12:21:13.650152,ss14://5.189.196.198:1212/,[18+][RU][HRP] ğŸŸ¢skyperster14ğŸŸ¢,Silly Island,Ğ“Ñ€Ğ¸Ğ½ÑˆĞ¸Ñ„Ñ‚ ĞŸĞ»ÑÑ,1,35,1,513,2025-05-16T12:40:02.0411537Z,"lang:ru,region:as_n,rp:high,18+,no_tag_infer",
2025-05-20T12:21:13.650152,ss14://reserve-station.space,"ğŸ€Reserve StationğŸ“– [Ğ´ÑŒÑĞ²Ğ¾Ğ», Ğ°Ğ±Ğ´ÑƒĞºÑ‚Ğ¾Ñ€Ñ‹, Ğ¼Ğ°Ğ³Ğ¸, Ğ»Ğ°Ğ²Ğ°Ğ»ĞµĞ½Ğ´, ĞµÑ€ĞµÑ‚Ğ¸ĞºĞ¸, Ñ€ĞµĞ²Ğ¾Ğ»ÑÑ†Ğ¸Ñ]",Omega,Ğ¡ĞµĞºÑ€ĞµÑ‚,8,100,1,1890,2025-05-20T12:13:55.4721358Z,"lang:ru,rp:low,rp:med,rp:high",
2025-05-20T12:21:13.650152,ss14s://server.ss14.org/spectral/,ğŸ’œâ¤ï¸ LUST STATION: Ğ¡ĞŸĞ•ĞšĞ¢Ğ Ğ£Ğœ ğŸ”¥[18+],Delta,ĞœĞ¸Ñ€Ğ½Ñ‹Ğ¹,106,125,1,7857,2025-05-20T07:59:37.1358768Z,"lang:ru,rp:low,rp:med,rp:high,region:eu_e,tts,erp",18+
2025-05-20T12:21:13.650152,ss14s://server.ss14.org/fenix/,ğŸµï¸ğŸŒSUNRISE: ĞŸĞ ĞĞšĞ›Ğ¯Ğ¢Ğ¬Ğ• Ğ¡ĞĞĞ ĞĞ™Ğ—ĞğŸŒ¹[ĞĞ‘ĞĞĞ’Ğ›Ğ•ĞĞ˜Ğ• 3.0],Box,Ğ¡ĞµĞºÑ€ĞµÑ‚,55,130,1,16502,2025-05-20T12:10:20.5776336Z,"lang:ru,rp:low,rp:med,rp:high,region:eu_e,tts,sunrise",
2025-05-20T12:21:13.650152,ss14s://server.ss14.org/venus/,ğŸ’œâ¤ï¸ LUST STATION: Ğ’Ğ•ĞĞ•Ğ Ğ ğŸ”¥[18+],Delta,Ğ¡ĞµĞºÑ€ĞµÑ‚,58,125,1,7859,2025-05-20T11:48:14.0139599Z,"lang:ru,rp:low,rp:med,rp:high,region:eu_e,tts,erp",18+
2025-05-20T12:21:13.650152,ss14://ss14.sich.me:3737,[UA][NO RULES]ğŸŸ¦ğŸŸ¦ğŸŸ¨ğŸŸ¨ FRONTIER - Ğ¡iĞ§ Ğ£ĞšĞ ĞĞ‡ĞĞ¡Ğ¬ĞšĞĞ®,Frontier Outpost,Pirates,16,100,1,67,2025-05-20T00:31:44.0051076Z,"lang:uk,region:eu_e,rp:med",
2025-05-20T12:21:13.650152,ss14://92.124.130.159:1212/,â„ï¸[RU][MRP]Siberia Serverâ„ï¸,Core,Ğ¡ĞµĞºÑ€ĞµÑ‚,0,60,1,7094,2025-05-19T17:32:28.3212453Z,,"lang:ru,rp:med"
2025-05-20T12:21:13.650152,ss14s://server.ss14.org/perseus/,ğŸŸĞ Ğ«Ğ‘Ğ¬Ğ¯ Ğ¡Ğ¢ĞĞĞ¦Ğ˜Ğ¯|ĞŸĞĞœĞĞ©Ğ¬ ĞĞĞ’Ğ˜Ğ§ĞšĞĞœ|ĞĞĞ’Ğ«Ğ• Ğ Ğ•Ğ–Ğ˜ĞœĞ«,Box,Ğ¡ĞµĞºÑ€ĞµÑ‚,82,125,1,10318,2025-05-20T11:55:40.4964375Z,"lang:ru,rp:low,mrp,region:ru,tts",
2025-05-20T12:21:13.650152,ss14://koprulu.p1ka.eu:1212,Ğ¡ĞµĞºÑ‚Ğ¾Ñ€ ĞšĞ¾Ğ¿Ñ€ÑƒĞ»Ñƒ,Reach,Extended,0,50,1,41,2025-05-18T17:58:41.9103245Z,"lang:ru,rp:low",
2025-05-20T12:21:13.650152,ss14s://game1.station14.ru/echo/server,ğŸ›°ï¸ Corvax â€” Ğ­Ñ…Ğ¾ â˜„ï¸âš¡[TTS][NEXT],NTABK Ğ¡Ğ¸Ğ»Ğ»Ğ¸,Ğ¡ĞµĞºÑ€ĞµÑ‚,9,80,1,83422,2025-05-20T11:47:20.5788211Z,"lang:ru,rp:med,region:eu_e,tts",
2025-05-20T12:21:13.650152,ss14://maunder.frontierstation14.com:1212,[EN][MRP] Frontier | Maunder [EU 1],Frontier Outpost,Pirates,7,80,1,3785,2025-05-20T12:17:46.3225533Z,"lang:en,rp:med,region:eu_w",
2025-05-20T12:21:13.650152,ss14://shibastation.inucast.com,[EN][MRP][18+] ğŸ• ShibaStation ğŸŒŒ | Arirals & Feroxi â€¢ Cosmic Cult â€¢ The Devil â€¢ Sneaking â€¢ ...and more!,Amber,Secret,5,50,1,1836,2025-05-20T11:46:37.2625327Z,"MRP,18+,EU,Europe East,English,EN","lang:en,rp:med"
2025-05-20T12:21:13.650152,ss14s://beta.goobstation.com,"Goob Beta É´á´€-á´¡ | Your job is pointless, and so are you.",Reach,Extended,0,85,1,16946,2025-05-20T10:29:40.3865432Z,"lang:en,rp:low,region:am_n_w",
2025-05-20T12:21:13.650152,ss14s://leviathan.spacestation14.com/server,[EN] Wizard's Den Leviathan [US East 1],Amber,Secret,12,80,1,84358,2025-05-20T12:04:41.7079180Z,"lang:en,region:am_n_e,rp:low",
2025-05-20T12:21:13.650152,ss14://scarlet.funkystation.org:1213,[EN][MRP] Funky Station - Scarlet,Reach,Secret,1,40,1,6031,2025-05-20T10:32:27.8999443Z,"lang:en,region:am_n_e,rp:med",
2025-05-20T12:21:13.650152,ss14://adven.space:1213,ğŸš€ Adventure Space - ĞĞ´Ğ¸ÑÑĞµÑ! Ğ¡ĞµÑ€Ğ²ĞµÑ€ Ğ²ĞµÑ‡Ğ½Ñ‹Ñ… ÑĞ¼ĞµĞ½! [TTS][Whitelist],Packed,Ğ Ğ°ÑÑˆĞ¸Ñ€ĞµĞ½Ğ½Ñ‹Ğ¹,2,50,1,736,2025-05-11T18:26:44.2538700Z,"lang:ru,rp:hrp,region:eu_e",
2025-05-20T12:21:13.650152,ss14s://server.project-monolith.xyz,[EN][MRP] Monolith Sector [New],Colonial Outpost,Battlefront,30,85,1,269,2025-05-20T11:35:50.9209406Z,"lang:en,rp:med,region:eu_w",
2025-05-20T12:21:13.650152,ss14://frontier.radiant-sector.ru,ğŸªRadiant sector â€” Frontier [18+]ğŸª,ĞĞ²Ğ°Ğ½Ğ¿Ğ¾ÑÑ‚ Ğ¤Ñ€Ğ¾Ğ½Ñ‚Ğ¸Ñ€Ğ°,ĞŸĞ¸Ñ€Ğ°Ñ‚Ñ‹,3,60,1,412,2025-05-20T07:56:01.1254336Z,"lang:ru,rp:med,region:eu_e,18+:yes",18+
2025-05-20T12:21:13.650152,ss14s://game1.station14.ru/nova/server,ğŸ›°ï¸ Corvax â€” ĞĞ¾Ğ²Ğ° ğŸªâš¡[TTS][NEXT],NTVG ĞŸĞ°ĞºĞµÑ‚,Ğ¡ĞµĞºÑ€ĞµÑ‚,19,60,1,83416,2025-05-20T09:44:50.6139741Z,"lang:ru,rp:med,region:eu_e,tts",
2025-05-20T12:21:13.650152,ss14://185.186.25.183:1212,[NRP] [Sandbox] Atmos Playground by AINFA and Klovnstation,Saltern,Sandbox,1,30,1,144,2025-05-19T19:16:33.3790159Z,"lang:en,region:eu_e,rp:none",
2025-05-20T12:21:13.650152,ss14://147.45.108.112:1212/,ğŸ’ ğ—¥ğ—”ğ—¬ğ—§ğ—˜ğ—¡ ğŸ’,Saltern,Ğ¡ĞµĞºÑ€ĞµÑ‚,7,100,1,2871,2025-05-20T12:00:38.8989728Z,"lang:ru,region:eu_e,rp:med",
2025-05-20T12:21:13.650152,ss14s://game1.station14.ru/elysium/server,ğŸ›°ï¸ Corvax â€” Ğ­Ğ»Ğ¸Ğ·Ğ¸ÑƒĞ¼ ğŸŒ‘[TTS],Bagel Station,Ğ¡ĞµĞºÑ€ĞµÑ‚,58,100,1,83421,2025-05-20T11:45:14.0567525Z,"lang:ru,rp:low,rp:med,region:eu_e,tts",
2025-05-20T12:21:13.650152,ss14://193.164.16.220:1212,[RU] ğŸ¦… Imperial Space | Ğ¡Ğ¾Ğ·Ğ²ĞµĞ·Ğ´Ğ¸Ğµ ĞšĞ°ÑÑĞ¸Ğ¾Ğ¿ĞµÑ | ĞĞ±Ğ½Ğ¾Ğ²Ğ»ĞµĞ½Ğ¸Ğµ 2.0!,Bagel Station,Ğ¡ĞµĞºÑ€ĞµÑ‚,79,100,1,57652,2025-05-20T12:01:34.3947270Z,,lang:ru
2025-05-20T12:21:13.650152,ss14://176.57.213.109:1212/,âš”ï¸ CrystallEdge âš”ï¸,,Ğ¡ÑƒĞ´Ğ½Ğ°Ñ Ğ½Ğ¾Ñ‡ÑŒ,0,40,0,714,,"lang:ru,lang:en,rp:med,region:eu_e",
2025-05-20T12:21:13.650152,ss14://88.97.251.110:21003,[EN][MRP] Null Sector - New,Lark Station,Colonial Expansion,0,20,1,38,2025-05-19T13:53:01.0168124Z,"MRP,New","lang:en,rp:med"
2025-05-20T12:21:13.650152,ss14s://server.ss14.org/fire/,ğŸ”¥ â˜¢ï¸ FIRE STATION 2.0 â–º SCP ğŸ§ª ĞœĞ« ĞĞ¢ĞšĞ Ğ«Ğ›Ğ˜Ğ¡Ğ¬ ğŸ™ï¸[TTS] ğŸ“¦[Ğ‘Ğ•Ğ¢Ğ],ĞšĞ¾Ğ¼Ğ¿Ğ»ĞµĞºÑ SCP,SCP,5,60,1,1780,2025-05-20T10:40:28.4127528Z,"lang:ru,rp:low,rp:med,rp:high,region:eu_e,tts,scp",
2025-05-20T12:21:13.650152,ss14s://stalkers14.xyz/server/old_marines,[RU] ğŸ”° Old TGMC ğŸŒ [Ğ‘ĞµÑ‚Ğ° Ñ‚ĞµÑÑ‚],Hokses,Ğ¯Ğ´ĞµÑ€Ğ½Ğ°Ñ Ğ’Ğ¾Ğ¹Ğ½Ğ°,0,70,0,503,,"lang:ru,rp:low,region:eu_e",
2025-05-20T12:21:13.650152,ss14://gordonsdungeon.info,[EN] GordonsDungeon [AU],Box Station,Secret,0,80,2,106,2025-05-19T06:42:07.4342351Z,"region:oce,lang:en",
2025-05-20T12:21:13.650152,ss14://s2.ss220.club,[RU][TTS] SS220 Orion âœ…,SCT Donuts,Ğ¡ĞµĞºÑ€ĞµÑ‚,9,85,1,21724,2025-05-20T09:28:21.9333896Z,,lang:ru
2025-05-20T12:21:13.650152,ss14://s2.ss220.club:1213,[RU][TTS] SS220 Perseus âœ…,NSS Eclipse,Ğ¡ĞµĞºÑ€ĞµÑ‚,58,85,1,21726,2025-05-20T12:10:46.4067832Z,,lang:ru
2025-05-20T12:21:13.650152,ss14://93.181.225.143:1212/,[GC]â˜£ï¸ Ğ¡Ğ°Ğ»ÑÑ‚ 14[RU][LRP],Packed,Ğ¡ĞµĞºÑ€ĞµÑ‚,2,70,1,57,2025-05-20T10:17:11.7403880Z,lang:ru,rp:low
2025-05-20T12:21:13.650152,ss14s://trailblazer.arson.gg,[EN][SANDBOX] arson.gg | trailblazer,Planet,Sandbox,0,20,1,45,2025-05-20T07:54:40.3090026Z,"sandbox,noevents,indev",lang:en
2025-05-20T12:21:13.650152,ss14s://spacestories.club/atlas,ğŸ“š Space Stories - Atlas ğŸ—ºï¸ [TTS],Beta Station,Ğ¡ĞµĞºÑ€ĞµÑ‚,21,100,1,19336,2025-05-20T11:07:07.3292015Z,"lang:ru,rp:med,region:eu_e",
2025-05-20T12:21:13.650152,ss14://193.164.18.155:1212,ğŸŒŒ[RU][MRP][TTS] Ğ’Ñ€ĞµĞ¼Ñ ĞŸÑ€Ğ¸ĞºĞ»ÑÑ‡ĞµĞ½Ğ¸Ğ¹,Kilo Station,Ğ¡ĞµĞºÑ€ĞµÑ‚,60,70,1,11622,2025-05-20T12:00:01.0671124Z,,"lang:ru,rp:med"
2025-05-20T12:21:13.650152,ss14s://spacestories.club/universe,ğŸ“š Space Stories - Universe ğŸ‘©â€ğŸš€ [TTS],Omega,Ğ¡ĞµĞºÑ€ĞµÑ‚,27,130,1,19335,2025-05-20T10:48:22.2856738Z,"lang:ru,rp:med,region:eu_e",
2025-05-20T12:21:13.650152,ss14://78.46.46.169:1212/,ğŸŒ’ Project Eclipse - Ğ¤Ğ ĞĞĞ¢Ğ˜Ğ ! [TTS][18+] ğŸŒ’,ĞĞ²Ğ°Ğ½Ğ¿Ğ¾ÑÑ‚ Ğ¤Ñ€Ğ¾Ğ½Ñ‚Ğ¸Ñ€Ğ°,ĞŸĞ¸Ñ€Ğ°Ñ‚Ñ‹,12,100,1,51,2025-05-17T18:09:38.5142281Z,"18+,lang:ru,rp:med,region:eu_e",
2025-05-20T12:21:13.650152,ss14s://shizainc.com/mapping_sunrise/,ğŸµï¸ğŸŒSUNRISE: ĞœĞĞŸĞŸĞ•Ğ Ğ¡ĞšĞ˜Ğ™ âšœï¸,Empty,Ğ¡ĞµĞºÑ€ĞµÑ‚,0,20,1,853,2025-05-18T10:24:41.5710626Z,"lang:ru,rp:low,rp:med,rp:high,region:eu_e,tts,sunrise",
2025-05-20T12:21:13.650152,ss14s://backmen.ru/ss14/main,ğŸ‘½ ĞœĞĞ Ğ¢Ğ’Ğ«Ğ™ ĞšĞĞ¡ĞœĞĞ¡ ğŸŒ† ĞšĞ¾Ğ½Ñ„ĞµĞ´ĞµÑ€Ğ°Ñ†Ğ¸Ñ [TTS][MRP],Federation Box,Ğ¡Ñ‚Ğ°Ğ½Ğ´Ğ°Ñ€Ñ‚Ğ½Ñ‹Ğ¹,24,90,1,14797,2025-05-20T11:30:04.4578829Z,"lang:ru,rp:med,region:eu_e,tts",
2025-05-20T12:21:13.650152,ss14s://spacestories.club/core,ğŸ“š Space Stories - Marine Corps Core ğŸŒ [TTS],ĞĞ»Ğ¼Ğ°Ğ¹ĞµÑ€,Ğ¡Ğ¸Ğ³Ğ½Ğ°Ğ» Ğ±ĞµĞ´ÑÑ‚Ğ²Ğ¸Ñ,166,200,1,12819,2025-05-20T11:26:11.6028276Z,"lang:ru,rp:med,region:eu_e",
2025-05-20T12:21:13.650152,ss14s://arson.gg,[EN][SANDBOX] arson.gg | deepstation,Asterisk,Sandbox,0,20,1,88,2025-05-19T22:12:19.0737934Z,"sandbox,noevents,indev",lang:en
